"NIK","nama","tempat_lahir","tanggal_lahir","jenis_kelamin","golongan_darah","alamat","agama","status_perkawinan","pekerjaan","kewarganegaraan"
"3273041101747880","Tony Okuneva","Lake Bridgette","1974-01-10","Laki-laki","AB","911 Kozey Spur","Hindu","Belum Menikah","Dynamic Operations Executive","Indonesia"
"3273044902964368","Enrique Quigley","Delphiamouth","1996-02-08","Perempuan","B","91627 Berneice Union","Hindu","Cerai","Dynamic Directives Agent","Indonesia"
"3273041605679854","Cary Lubowitz","New Wendellchester","1967-05-16","Laki-laki","AB","73144 Meadow Drive","Kong Hu Cu","Cerai","Principal Division Administrator","Indonesia"
"3273041204865489","Courtney Hettinger","Port Cordieport","1986-04-12","Laki-laki","AB","295 Stoney Lane","Kristen","Cerai","Customer Paradigm Designer","Indonesia"
"3273040911749334","Margie Franecki III","New Cora","1974-11-09","Laki-laki","B","796 S Franklin Street","Islam","Menikah","Legacy Branding Consultant","Indonesia"
"3273041609041105","Rickey Altenwerth-Abshire MD","Torpside","2004-09-16","Laki-laki","B","473 N Oak Street","Katolik","Cerai","Future Configuration Supervisor","Indonesia"
"3273040109655319","Katherine Durgan","Vandervorthaven","1965-09-01","Laki-laki","AB","63865 Bernadine Groves","Hindu","Belum Menikah","District Branding Coordinator","Indonesia"
"3273040204593602","Dr. Don Murphy","Lake Eunice","1959-04-01","Laki-laki","AB","97684 Stiedemann Walk","Buddha","Menikah","Internal Functionality Representative","Indonesia"
"3273040106007143","Billie Rutherford-Moen","Heidenreichbury","2000-06-01","Laki-laki","B","1868 Karlie Dam","Katolik","Belum Menikah","National Operations Engineer","Indonesia"
"3273040608025254","Mona Gerlach","Altoona","2002-08-05","Laki-laki","A","3493 S 7th Street","Buddha","Belum Menikah","Senior Operations Administrator","Indonesia"
"3273042508904427","Gwen Goyette","North Aurelie","1990-08-25","Laki-laki","A","66532 1st Avenue","Katolik","Cerai","District Infrastructure Manager","Indonesia"
"3273040505035656","Mercedes Satterfield","Wymanfield","2003-05-05","Laki-laki","A","5028 Boundary Road","Hindu","Belum Menikah","Investor Integration Coordinator","Indonesia"
"3273045202028359","Max Labadie","East Niaville","2002-02-12","Perempuan","B","23489 Willow Drive","Katolik","Belum Menikah","Product Marketing Administrator","Indonesia"
"3273040708821768","Jessie Carroll","Luefurt","1982-08-07","Laki-laki","O","462 Thiel Green","Hindu","Belum Menikah","Corporate Tactics Director","Indonesia"
"3273046306624700","Marshall Dare I","West Kathlyn","1962-06-23","Perempuan","B","5903 Kihn Circle","Buddha","Cerai","Senior Creative Associate","Indonesia"
"3273041103643634","Mr. Ramiro McLaughlin Sr.","Sherwoodworth","1964-03-10","Laki-laki","A","2529 Brycen Coves","Buddha","Belum Menikah","Global Paradigm Liaison","Indonesia"
"3273040307665768","Candice Pagac","Hickleland","1966-07-03","Laki-laki","AB","8212 Pfeffer Lakes","Buddha","Belum Menikah","Investor Accounts Developer","Indonesia"
"3273040701716116","Vincent Hintz","Manchester","1971-01-06","Laki-laki","AB","281 Kutch Way","Kristen","Belum Menikah","Global Paradigm Representative","Indonesia"
"3273040902866074","Benjamin Abernathy MD","East Reymundo","1986-02-09","Laki-laki","A","241 Ned Motorway","Hindu","Menikah","International Markets Coordinator","Indonesia"
"3273042409658926","Carlton Altenwerth","Fort Lillie","1965-09-24","Laki-laki","O","93888 N Division Street","Kong Hu Cu","Menikah","National Functionality Engineer","Indonesia"
"3273041108702876","Tyrone DuBuque","Kuhnburgh","1970-08-10","Laki-laki","B","41439 Reba Highway","Buddha","Belum Menikah","Customer Identity Associate","Indonesia"
"3273042006854710","Ken Schowalter","Aracelyworth","1985-06-19","Laki-laki","AB","4766 Farm Close","Islam","Menikah","Customer Directives Representative","Indonesia"
"3273042312054168","Kayla Watsica","Rockford","2005-12-23","Laki-laki","AB","647 Langosh Drive","Islam","Belum Menikah","Global Marketing Producer","Indonesia"
"3273045506804358","Marcus Kemmer-Kunze","New Bonnieboro","1980-06-15","Perempuan","AB","1432 N State Street","Katolik","Menikah","Principal Functionality Designer","Indonesia"
"3273046207929915","Freda Weber","North Gerardoworth","1992-07-22","Perempuan","AB","92766 Kiana Unions","Kong Hu Cu","Cerai","Senior Assurance Associate","Indonesia"
"3273040201049386","Grant O'Conner","Fort Timmy","2004-01-02","Laki-laki","A","4990 Schneider Streets","Kong Hu Cu","Belum Menikah","Central Research Administrator","Indonesia"
"3273042908884825","Carolyn Green","Imogenetown","1988-08-29","Laki-laki","B","217 Clemens Pines","Hindu","Cerai","International Division Analyst","Indonesia"
"3273042311673164","Sean Ward","League City","1967-11-23","Laki-laki","O","272 Newton Road","Kristen","Menikah","Internal Group Liaison","Indonesia"
"3273045204007687","Nelson Tillman-Wisoky","Domenickboro","2000-04-12","Perempuan","B","9380 The Woodlands","Islam","Menikah","Product Accountability Consultant","Indonesia"
"3273046402043197","Kristi Dickens-Runolfsdottir","Fort Sabinastad","2004-02-24","Perempuan","O","2127 Reichel Track","Buddha","Cerai","Future Quality Associate","Indonesia"
"3273044901743156","Carolyn Witting MD","Burlington","1974-01-09","Perempuan","B","4019 Aimee Fall","Kong Hu Cu","Menikah","Global Metrics Analyst","Indonesia"
"3273042310053836","Peggy Powlowski","East Deangelo","2005-10-22","Laki-laki","O","446 Wintheiser Roads","Buddha","Cerai","Corporate Optimization Specialist","Indonesia"
"3273042511798846","Mrs. Adrienne Mante","Port Mariaview","1979-11-24","Laki-laki","O","62791 Rosamond Cliff","Kristen","Belum Menikah","Corporate Assurance Facilitator","Indonesia"
"3273042907585670","Lorene Mraz","Diannastead","1958-07-28","Laki-laki","A","3339 Haskell Valley","Kong Hu Cu","Cerai","Legacy Interactions Associate","Indonesia"
"3273041906792426","Naomi Macejkovic","East Dolores","1979-06-18","Laki-laki","AB","636 Little Shoals","Hindu","Cerai","National Optimization Assistant","Indonesia"
"3273041307949910","Sandra Jones","Carmel","1994-07-12","Laki-laki","B","8702 Wiegand Club","Islam","Cerai","Forward Optimization Specialist","Indonesia"
"3273040502809631","Sammy Considine","Kentonfurt","1980-02-04","Laki-laki","A","2188 S Washington Avenue","Buddha","Cerai","Investor Branding Director","Indonesia"
"3273040509642692","Rufus Fadel","Ratkeborough","1964-09-05","Laki-laki","B","71869 Savanah Burg","Kong Hu Cu","Cerai","Future Interactions Specialist","Indonesia"
"3273040509617143","Kathleen Kunze","Altamonte Springs","1961-09-05","Laki-laki","O","49742 Adell Fords","Katolik","Cerai","Investor Security Producer","Indonesia"
"3273044309836569","Kellie Runte","Port Geovanycester","1983-09-03","Perempuan","A","3035 Leannon River","Hindu","Belum Menikah","International Assurance Facilitator","Indonesia"
"3273041007929706","Melba Lind","Fort Drewborough","1992-07-10","Laki-laki","B","18573 Wilderman Walk","Buddha","Menikah","Legacy Tactics Technician","Indonesia"
"3273044404868660","Gilbert Keebler","Haneside","1986-04-04","Perempuan","A","7854 Hickle Run","Kristen","Belum Menikah","Dynamic Program Liaison","Indonesia"
"3273044809645131","Donnie Bogisich","New Anjalistad","1964-09-08","Perempuan","AB","68424 Marilou Knoll","Katolik","Menikah","Global Tactics Consultant","Indonesia"
"3273043007703677","Barry Gutkowski","Madgeboro","1970-07-29","Laki-laki","AB","51924 Willow Drive","Islam","Cerai","Human Division Producer","Indonesia"
"3273040201738927","Robert Hirthe","O'Fallon","1973-01-02","Laki-laki","A","50771 Santina Place","Hindu","Belum Menikah","Regional Security Technician","Indonesia"
"3273040602057013","Ruby Kub DDS","Krajcikfort","2005-02-05","Laki-laki","B","8028 Brennan Fort","Kong Hu Cu","Menikah","Dynamic Web Planner","Indonesia"
"3273045706741141","Dr. Julio Ankunding","North Pansytown","1974-06-17","Perempuan","O","54048 Loyal Harbors","Buddha","Cerai","Lead Response Consultant","Indonesia"
"3273044703597102","Lionel Pagac","Idaland","1959-03-07","Perempuan","O","2227 Sporer Land","Katolik","Belum Menikah","Legacy Functionality Specialist","Indonesia"
"3273040111959686","Julia Krajcik","East Harmonhaven","1995-11-01","Laki-laki","B","5221 Jennings Flats","Hindu","Cerai","Human Security Technician","Indonesia"
"3273041603717779","Yvette Bins","East Eliseobury","1971-03-16","Laki-laki","A","8372 Hoyt Branch","Buddha","Cerai","Direct Accountability Associate","Indonesia"
"3273041202963263","Becky Pacocha I","Lake Dylan","1996-02-12","Laki-laki","O","5868 Mill Lane","Buddha","Cerai","Forward Interactions Agent","Indonesia"
"3273041310622725","Brett Pacocha","Ebertborough","1962-10-13","Laki-laki","AB","4336 Rohan Point","Hindu","Menikah","Customer Interactions Agent","Indonesia"
"3273043009975965","Kenneth Mante","Port Keven","1997-09-29","Laki-laki","O","7394 E 3rd Street","Kristen","Cerai","Central Accounts Consultant","Indonesia"
"3273042112817487","Luther Brown","Starkbury","1981-12-21","Laki-laki","O","7675 Feeney Ridges","Hindu","Menikah","Legacy Tactics Designer","Indonesia"
"3273041802939983","Mrs. Dorothy Blick","Kaiaburgh","1993-02-18","Laki-laki","AB","276 Casey Drive","Islam","Cerai","Central Operations Executive","Indonesia"
"3273046903808144","Alejandro Nader","Lake Walker","1980-03-29","Perempuan","B","425 Cherry Tree Close","Kong Hu Cu","Menikah","Human Response Director","Indonesia"
"3273043108609202","Roland Kuhlman","Kshlerinport","1960-08-31","Laki-laki","AB","3944 Cartwright Burg","Hindu","Belum Menikah","Global Metrics Representative","Indonesia"
"3273040805979875","Caleb Hoeger","Brownsville","1997-05-07","Laki-laki","AB","83657 Chris Mews","Buddha","Belum Menikah","Forward Configuration Agent","Indonesia"
"3273046101595928","Monica Feil DVM","West Karicester","1959-01-20","Perempuan","AB","61926 Dewayne Cliffs","Kristen","Menikah","Principal Communications Developer","Indonesia"
"3273042904815227","Wade Lebsack","East Devante","1981-04-29","Laki-laki","A","176 Chapel Road","Katolik","Menikah","Central Intranet Liaison","Indonesia"
"3273040703878047","Fred Weber","Schoenview","1987-03-07","Laki-laki","A","423 Glover Ridges","Kong Hu Cu","Menikah","Senior Identity Architect","Indonesia"
"3273042410616726","Verna Haley Sr.","Funkland","1961-10-24","Laki-laki","B","44669 Davis Street","Buddha","Belum Menikah","Principal Response Consultant","Indonesia"
"3273041707826630","Dr. Leslie Lockman","Anastacioton","1982-07-17","Laki-laki","B","714 Maureen Squares","Hindu","Cerai","Lead Integration Administrator","Indonesia"
"3273040403667123","Meredith West","East Doyleville","1966-03-03","Laki-laki","B","6917 Gonzalo Forge","Buddha","Belum Menikah","District Paradigm Producer","Indonesia"
"3273040105003959","Elsie Bode","Rueckerport","2000-05-01","Laki-laki","O","834 Ida Field","Hindu","Cerai","Dynamic Intranet Associate","Indonesia"
"3273044608054946","Brett Fadel","Lake Imaniport","2005-08-06","Perempuan","O","2414 Front Street","Katolik","Cerai","Senior Security Technician","Indonesia"
"3273044410781491","Alice Turcotte V","Spokane","1978-10-03","Perempuan","O","3179 Clint Crescent","Hindu","Belum Menikah","Product Assurance Officer","Indonesia"
"3273042907029655","Kristopher Carter-Swift","Manleystad","2002-07-29","Laki-laki","B","666 Spencer Rapids","Buddha","Menikah","Product Accountability Developer","Indonesia"
"3273042901883187","Dr. Fredrick Schuster","Lake Luciennemouth","1988-01-29","Laki-laki","B","3198 Mulberry Street","Buddha","Belum Menikah","Future Group Assistant","Indonesia"
"3273042506707955","Alice Weissnat-Adams","New Noe","1970-06-25","Laki-laki","AB","79359 Hackett Knolls","Buddha","Belum Menikah","Future Markets Specialist","Indonesia"
"3273041503938566","Jana Durgan","Cedar Rapids","1993-03-15","Laki-laki","A","11878 Luettgen Flats","Islam","Menikah","Lead Paradigm Planner","Indonesia"
"3273042607951038","Noel Wolff","Madgeville","1995-07-26","Laki-laki","O","7759 N Main Street","Hindu","Menikah","Senior Solutions Director","Indonesia"
"3273040305698701","Dr. Dan Nienow","Lynchchester","1969-05-03","Laki-laki","A","8138 Mitchell Fork","Kong Hu Cu","Belum Menikah","Senior Group Supervisor","Indonesia"
"3273045805738232","Joanna Emard Sr.","Fort Easterborough","1973-05-18","Perempuan","B","70322 N Center Street","Katolik","Menikah","Senior Division Assistant","Indonesia"
"3273046604929565","Lucia Will","Swiftbury","1992-04-26","Perempuan","A","9532 Cherry Tree Close","Islam","Menikah","Investor Web Producer","Indonesia"
"3273046406863013","Mable Reichert","Neomacester","1986-06-24","Perempuan","O","3448 Kent Road","Kong Hu Cu","Belum Menikah","Principal Accountability Strategist","Indonesia"
"3273041503646755","Luke McClure","Dachhaven","1964-03-15","Laki-laki","AB","468 Haleigh Fall","Hindu","Belum Menikah","District Metrics Developer","Indonesia"
"3273044608938703","Angelina Walsh","North Buford","1993-08-06","Perempuan","B","58832 Baron Mall","Hindu","Cerai","Legacy Intranet Engineer","Indonesia"
"3273041309992800","Roberto Herman I","Doral","1999-09-12","Laki-laki","AB","2148 Virgie Place","Hindu","Cerai","Forward Communications Facilitator","Indonesia"
"3273043107776231","Mr. Shannon Wisozk","Anaisworth","1977-07-30","Laki-laki","B","5285 Herman Canyon","Hindu","Cerai","Internal Identity Strategist","Indonesia"
"3273046110771107","Helen Kulas PhD","North Antonina","1977-10-21","Perempuan","A","2834 Morar Loaf","Islam","Cerai","Human Research Engineer","Indonesia"
"3273040309002589","Tommie DuBuque","Sandy","2000-09-02","Laki-laki","AB","1697 Clarence Road","Buddha","Cerai","Product Brand Associate","Indonesia"
"3273042912625858","Velma Cole","Hammesberg","1962-12-29","Laki-laki","B","3624 Vernie Island","Katolik","Cerai","Legacy Quality Representative","Indonesia"
"3273040509878512","Adam Heathcote-Abshire","Gerardoworth","1987-09-05","Laki-laki","A","234 Washington Street","Hindu","Belum Menikah","Future Directives Orchestrator","Indonesia"
"3273042212698467","Helen Volkman","Nicolasstead","1969-12-22","Laki-laki","AB","1085 Stewart Brook","Buddha","Menikah","Forward Research Supervisor","Indonesia"
"3273041409721987","Amy Blanda","East Katelynboro","1972-09-13","Laki-laki","A","6415 East Street","Buddha","Cerai","District Research Technician","Indonesia"
"3273041407728472","Alvin Crooks-Rolfson","Gilesshire","1972-07-13","Laki-laki","A","278 Verna Corner","Kristen","Cerai","Global Accountability Liaison","Indonesia"
"3273046405003601","Mary Hoppe","Gainesville","2000-05-24","Perempuan","A","465 Donnie Manors","Kong Hu Cu","Menikah","Investor Markets Strategist","Indonesia"
"3273041003821563","Howard Batz","Broken Arrow","1982-03-10","Laki-laki","B","4525 Clarence Road","Kristen","Belum Menikah","Internal Marketing Engineer","Indonesia"
"3273042602957175","Mr. Vincent Hirthe","Toledo","1995-02-25","Laki-laki","O","93491 Grand Avenue","Hindu","Menikah","Lead Program Producer","Indonesia"
"3273046604598651","Alejandro Rath","West Pauline","1959-04-26","Perempuan","B","139 N 2nd Street","Islam","Cerai","Customer Accounts Developer","Indonesia"
"3273044311809652","Leah Howell DDS","South Soniaside","1980-11-02","Perempuan","AB","630 Max Common","Kong Hu Cu","Belum Menikah","Future Solutions Developer","Indonesia"
"3273042209737715","Willis Conroy","Austynberg","1973-09-22","Laki-laki","B","1250 Haley Center","Kristen","Belum Menikah","International Division Consultant","Indonesia"
"3273042302635541","Jeffery Hegmann","Collinsfort","1963-02-23","Laki-laki","AB","288 Vicarage Lane","Kristen","Cerai","Senior Group Assistant","Indonesia"
"3273041902971162","Julie Hermann","Fort Smith","1997-02-19","Laki-laki","O","3083 Randi View","Katolik","Belum Menikah","Principal Accounts Associate","Indonesia"
"3273041409673741","Shaun Hand PhD","Maraburgh","1967-09-14","Laki-laki","A","55842 Reed Drives","Hindu","Menikah","Principal Accounts Administrator","Indonesia"
"3273040304856214","Felix Yost","San Rafael","1985-04-03","Laki-laki","A","88470 Murray Centers","Islam","Belum Menikah","Regional Integration Strategist","Indonesia"
"3273042402622140","Rosemary Feest","Hellerfield","1962-02-24","Laki-laki","B","415 E Park Avenue","Kristen","Belum Menikah","Internal Mobility Orchestrator","Indonesia"
"3273040606918508","Barbara Lakin","Hartford","1991-06-06","Laki-laki","B","9698 Ryan Junctions","Buddha","Belum Menikah","Forward Brand Manager","Indonesia"
"3273042210753592","Bertha Gutkowski","Rocky Mount","1975-10-22","Laki-laki","A","367 High Road","Islam","Menikah","Internal Division Planner","Indonesia"
"3273040410937900","Maureen Bernhard III","Spokane Valley","1993-10-04","Laki-laki","AB","430 Della Trafficway","Hindu","Belum Menikah","Chief Accounts Designer","Indonesia"
"3273041211915763","Scott Lang Jr.","Kenosha","1991-11-11","Laki-laki","O","82214 Darien Way","Katolik","Belum Menikah","Forward Interactions Assistant","Indonesia"
"3273045403977723","Lamar Huel PhD","Tremblayland","1997-03-13","Perempuan","AB","403 Clementine Field","Kristen","Cerai","National Markets Assistant","Indonesia"
"3273041601023205","Mr. Terrence Predovic","Eusebiomouth","2002-01-16","Laki-laki","A","5560 Ubaldo Dam","Islam","Belum Menikah","Human Intranet Agent","Indonesia"
"3273040904015423","Jessie Berge","Port Augustuston","2001-04-09","Laki-laki","A","878 Haag Village","Kristen","Menikah","Lead Infrastructure Facilitator","Indonesia"
"3273042203027953","Maggie Goodwin","East Kip","2002-03-21","Laki-laki","B","6701 Bernier Crossing","Katolik","Cerai","Corporate Implementation Representative","Indonesia"
"3273042809868187","Louis Quitzon","Lake Beaulahside","1986-09-28","Laki-laki","A","113 Sarai Ferry","Buddha","Belum Menikah","Principal Paradigm Orchestrator","Indonesia"
"3273043110613853","Cory Wilderman","Jedediahfield","1961-10-31","Laki-laki","O","641 Kshlerin Island","Katolik","Belum Menikah","Principal Interactions Planner","Indonesia"
"3273045505851375","Charles Grady","Port Effieshire","1985-05-15","Perempuan","B","23004 Evelyn Burg","Kristen","Menikah","Principal Applications Analyst","Indonesia"
"3273044702656915","Brandon O'Kon","Framiberg","1965-02-07","Perempuan","A","76744 Dannie Inlet","Hindu","Belum Menikah","Lead Accountability Designer","Indonesia"
"3273042401823453","Zachary DuBuque","Lake Lutherboro","1982-01-24","Laki-laki","O","5807 Quitzon Point","Kristen","Cerai","Forward Identity Supervisor","Indonesia"
"3273042012935665","Freda Greenfelder","West Izaiahton","1993-12-19","Laki-laki","A","844 Orn Way","Islam","Cerai","Senior Brand Coordinator","Indonesia"
"3273041904965661","Dianne Marvin","Emardstead","1996-04-19","Laki-laki","B","26821 Mafalda Plaza","Kristen","Menikah","Chief Applications Assistant","Indonesia"
"3273045504041573","Marjorie Botsford","Wehnerstead","2004-04-15","Perempuan","B","22709 Jocelyn Place","Islam","Menikah","Customer Solutions Facilitator","Indonesia"
"3273045503776855","Faye Mraz","South Elinore","1977-03-15","Perempuan","O","3841 S Walnut Street","Katolik","Menikah","Global Marketing Specialist","Indonesia"
"3273040901995090","Arturo Cummings","Sauershire","1999-01-08","Laki-laki","AB","5882 Milton Street","Kong Hu Cu","Menikah","Product Quality Analyst","Indonesia"
"3273046308729724","Kristopher Ferry","West Waynehaven","1972-08-23","Perempuan","B","8599 Magnolia Ramp","Islam","Cerai","Senior Operations Assistant","Indonesia"
"3273044908672855","Ken Conroy","Destineyworth","1967-08-09","Perempuan","O","25513 S Center Street","Buddha","Cerai","Global Identity Director","Indonesia"
"3273046503624490","Douglas Heaney","Aloha","1962-03-25","Perempuan","O","738 Becker Crossroad","Katolik","Cerai","Product Marketing Engineer","Indonesia"
"3273041007751833","Opal Fay-Wiegand","West Shaneshire","1975-07-09","Laki-laki","O","5182 Brock Harbors","Kong Hu Cu","Cerai","International Branding Specialist","Indonesia"
"3273045103008424","Scott Witting","Philadelphia","2000-03-11","Perempuan","O","462 School Road","Kong Hu Cu","Belum Menikah","Dynamic Accounts Associate","Indonesia"
"3273040704744912","Gayle Fahey","Rio Rancho","1974-04-07","Laki-laki","O","20568 Chapel Street","Katolik","Cerai","Future Branding Supervisor","Indonesia"
"3273040306818097","Orville Cummerata","Reston","1981-06-03","Laki-laki","AB","803 Moen Harbor","Hindu","Cerai","Product Creative Agent","Indonesia"
"3273041009892854","Belinda Langworth","Bradyfield","1989-09-09","Laki-laki","A","80281 Kerluke Trafficway","Kong Hu Cu","Cerai","Principal Assurance Architect","Indonesia"
"3273040708719298","Alonzo Heaney","Shanellestead","1971-08-06","Laki-laki","O","701 Kertzmann Meadows","Katolik","Belum Menikah","Product Brand Coordinator","Indonesia"
"3273044201988500","Hugh Wolf","West Aleneborough","1998-01-02","Perempuan","A","76388 Romaguera Ridges","Hindu","Cerai","International Infrastructure Facilitator","Indonesia"
"3273044807025857","Judy Mayert","Wilkinsonfurt","2002-07-07","Perempuan","B","9301 Arlie Junction","Hindu","Cerai","Human Assurance Orchestrator","Indonesia"
"3273042302621353","Fredrick Kemmer","Krajcikfield","1962-02-23","Laki-laki","AB","10555 Kerluke Dam","Katolik","Cerai","Central Accountability Executive","Indonesia"
"3273041102616038","William Erdman","Jacobiside","1961-02-11","Laki-laki","O","23887 Morissette Ports","Hindu","Belum Menikah","Central Intranet Administrator","Indonesia"
"3273046710025315","Terrell Goodwin","Oakland","2002-10-27","Perempuan","A","662 Rigoberto Corners","Kristen","Menikah","District Configuration Executive","Indonesia"
"3273040207939019","Angelina Fisher","Mooreton","1993-07-02","Laki-laki","AB","5766 Hoppe Plains","Katolik","Menikah","District Markets Liaison","Indonesia"
"3273041403611794","Mr. Micheal Towne","Macejkovicworth","1961-03-14","Laki-laki","AB","1648 Cedar Road","Katolik","Menikah","Human Mobility Assistant","Indonesia"
"3273041804067625","Peter Beer","Leuschkefurt","2006-04-18","Laki-laki","A","540 Rosendo Throughway","Islam","Belum Menikah","Internal Functionality Associate","Indonesia"
"3273041904723532","Cecil Tromp","West Rebecachester","1972-04-19","Laki-laki","B","270 Hamill Gateway","Katolik","Belum Menikah","Future Accounts Agent","Indonesia"
"3273047105713883","Yolanda Marvin","Annabelleton","1971-05-30","Perempuan","O","82903 Lorna Islands","Buddha","Cerai","Internal Web Consultant","Indonesia"
"3273044602685058","Preston Pagac","Kianaport","1968-02-06","Perempuan","AB","3915 Raphaelle Mission","Hindu","Menikah","Product Assurance Representative","Indonesia"
"3273041910694539","Alice Cruickshank","Port Joyport","1969-10-19","Laki-laki","A","367 Terry Expressway","Hindu","Menikah","Corporate Accounts Specialist","Indonesia"
"3273040811792728","Cindy Schmitt","Blickborough","1979-11-07","Laki-laki","AB","82414 Woodside Road","Katolik","Cerai","Principal Quality Strategist","Indonesia"
"3273042709843543","James Kshlerin PhD","Prohaskashire","1984-09-26","Laki-laki","AB","4711 Devonte Centers","Katolik","Menikah","Future Usability Liaison","Indonesia"
"3273045905811923","Bonnie Hintz","East Marquis","1981-05-19","Perempuan","O","1219 Elise Mills","Hindu","Menikah","International Division Engineer","Indonesia"
"3273046511596064","Timothy Funk","South Magali","1959-11-24","Perempuan","B","645 Little Forges","Buddha","Menikah","Principal Operations Specialist","Indonesia"
"3273046004821886","Bonnie Kautzer","Mitchellton","1982-04-20","Perempuan","A","24195 Ashley Coves","Kong Hu Cu","Cerai","Senior Division Associate","Indonesia"
"3273040601789242","Erick Schaefer","Lake Charles","1978-01-06","Laki-laki","O","39310 Emmerich Tunnel","Kristen","Menikah","Lead Brand Developer","Indonesia"
"3273043009809016","Bessie Harris","Averystad","1980-09-30","Laki-laki","O","30329 Dicki Track","Kristen","Menikah","Direct Mobility Architect","Indonesia"
"3273043110916589","Joey Bernhard","Lebsackberg","1991-10-31","Laki-laki","O","658 Castle Lane","Kristen","Cerai","International Solutions Executive","Indonesia"
"3273041211781536","Ms. Dianna Rowe-Tillman","East Lorenboro","1978-11-12","Laki-laki","AB","273 Wood Street","Kong Hu Cu","Belum Menikah","Corporate Branding Agent","Indonesia"
"3273042303596005","Mr. Caleb D'Amore","Kentwood","1959-03-22","Laki-laki","B","3935 Margot Valley","Kristen","Cerai","Principal Tactics Developer","Indonesia"
"3273041205061810","Darryl Stark","New Norene","2006-05-12","Laki-laki","O","4508 Bryon Corner","Hindu","Cerai","Product Operations Specialist","Indonesia"
"3273045011642821","Miss Christina Hackett","Jadenboro","1964-11-10","Perempuan","O","921 Nikolaus Squares","Hindu","Menikah","Future Identity Analyst","Indonesia"
"3273040712919443","Lucas Kuhn","Andreburgh","1991-12-07","Laki-laki","A","22551 Paris Crossroad","Katolik","Menikah","Lead Integration Strategist","Indonesia"
"3273040905751973","Matthew Beahan","Botsfordside","1975-05-08","Laki-laki","A","670 Hand Manor","Hindu","Menikah","Direct Division Director","Indonesia"
"3273041405724901","Mr. Jeffery Pagac","Makenzieworth","1972-05-14","Laki-laki","AB","4011 Satterfield Rapid","Kristen","Cerai","Future Operations Officer","Indonesia"
"3273040206905620","Terri Hodkiewicz","Arnulfoburgh","1990-06-01","Laki-laki","AB","56736 W 8th Street","Islam","Belum Menikah","Internal Quality Agent","Indonesia"
"3273045703763743","Willie Hodkiewicz II","West Devyn","1976-03-17","Perempuan","AB","3795 N Central Avenue","Hindu","Belum Menikah","District Creative Coordinator","Indonesia"
"3273040708025044","Travis Torp","Woodbury","2002-08-07","Laki-laki","AB","44787 Mosciski Glens","Hindu","Menikah","Senior Operations Developer","Indonesia"
"3273047103983262","Kim Barton","North Milantown","1998-03-31","Perempuan","O","94493 N Pine Street","Islam","Belum Menikah","Investor Infrastructure Executive","Indonesia"
"3273040102729939","Garry Crona","Santa Barbara","1972-01-31","Laki-laki","B","8189 Tillman Overpass","Kong Hu Cu","Menikah","Corporate Directives Associate","Indonesia"
"3273041712777023","Dolores Schultz","Westland","1977-12-17","Laki-laki","O","244 Rowe Place","Hindu","Menikah","District Paradigm Agent","Indonesia"
"3273042407663808","Mr. Colin Reinger","New Earlenestead","1966-07-24","Laki-laki","B","519 Pleasant Street","Katolik","Cerai","Regional Optimization Developer","Indonesia"
"3273041501946294","Ruby Brekke","South Gage","1994-01-15","Laki-laki","A","49740 Fourth Avenue","Kristen","Cerai","Forward Creative Administrator","Indonesia"
"3273046103041732","Jill Feeney","Rempelshire","2004-03-21","Perempuan","B","25850 Hall Lane","Katolik","Menikah","Future Interactions Specialist","Indonesia"
"3273040602726471","Mr. Jerald Schuster","East Stefanieburgh","1972-02-06","Laki-laki","AB","8407 Quitzon Cove","Buddha","Cerai","Chief Factors Supervisor","Indonesia"
"3273041509052334","Kim Kilback V","Lafayette","2005-09-15","Laki-laki","A","92799 Kilback Islands","Kristen","Belum Menikah","Internal Metrics Facilitator","Indonesia"
"3273042902841551","Emilio Okuneva","Port Herta","1984-02-29","Laki-laki","AB","58517 Jennings Vista","Kong Hu Cu","Menikah","Principal Metrics Planner","Indonesia"
"3273042702026398","Mr. Phil Spencer","Margaretbury","2002-02-26","Laki-laki","A","8881 Austen Ville","Islam","Belum Menikah","Principal Marketing Planner","Indonesia"
"3273041404008300","Wesley Osinski","Hazlecester","2000-04-14","Laki-laki","AB","76975 Swift Squares","Islam","Cerai","Investor Division Architect","Indonesia"
"3273042905045059","Dr. Dave Sipes","South Chet","2004-05-29","Laki-laki","B","958 Cambridge Street","Kristen","Cerai","Forward Division Engineer","Indonesia"
"3273042905922687","Grady Fahey","Hansenboro","1992-05-29","Laki-laki","O","71309 Garden Street","Kong Hu Cu","Menikah","Lead Web Strategist","Indonesia"
"3273045402933151","Gilbert Schinner","Fort Randalfield","1993-02-13","Perempuan","A","108 Jameson Spring","Kristen","Menikah","Human Optimization Supervisor","Indonesia"
"3273040905724259","Angela Parisian II","Melvinchester","1972-05-08","Laki-laki","AB","16351 Wyman Freeway","Kristen","Belum Menikah","Internal Usability Analyst","Indonesia"
"3273041108622381","Percy Hoppe","Boyerstead","1962-08-11","Laki-laki","AB","988 6th Avenue","Katolik","Belum Menikah","Chief Web Supervisor","Indonesia"
"3273040610011339","Guadalupe Koss","West Immanuel","2001-10-06","Laki-laki","A","77956 N 8th Street","Buddha","Belum Menikah","Future Creative Engineer","Indonesia"
"3273045809827235","Hugo Roob","Fort Ovabury","1982-09-17","Perempuan","O","196 Hillside Road","Katolik","Belum Menikah","Customer Metrics Executive","Indonesia"
"3273046611014378","Christie Romaguera","Joelton","2001-11-25","Perempuan","O","6047 Hawthorn Avenue","Buddha","Belum Menikah","Human Brand Executive","Indonesia"
"3273043009012968","Roger Gislason","Lake Calebury","2001-09-30","Laki-laki","B","461 Davon Plain","Katolik","Cerai","Principal Marketing Associate","Indonesia"
"3273040904755707","Leonard Roob","Richmondburgh","1975-04-08","Laki-laki","O","68004 Fritsch Circles","Kristen","Menikah","District Applications Coordinator","Indonesia"
"3273045603623566","Bernadette Glover","Joanniestad","1962-03-16","Perempuan","O","883 Wuckert Neck","Kong Hu Cu","Belum Menikah","Customer Functionality Supervisor","Indonesia"
"3273042211907334","Alexis Macejkovic-Barton","Paterson","1990-11-22","Laki-laki","O","325 Botsford Oval","Kristen","Cerai","Corporate Usability Associate","Indonesia"
"3273041606585833","Robyn Pacocha","Port Jerald","1958-06-16","Laki-laki","O","44195 Bayer Fort","Kong Hu Cu","Cerai","Regional Communications Agent","Indonesia"
"3273044106689526","Lynda Johns-Muller","New Desiree","1968-06-01","Perempuan","AB","132 The Chase","Kong Hu Cu","Cerai","National Identity Liaison","Indonesia"
"3273040409749761","Jacqueline Bernier","Sherwoodshire","1974-09-04","Laki-laki","O","663 Yundt Forest","Hindu","Menikah","Corporate Mobility Architect","Indonesia"
"3273040510844106","Miss Sophie Goodwin","Utica","1984-10-05","Laki-laki","AB","1876 Drew Garden","Islam","Belum Menikah","Corporate Quality Planner","Indonesia"
"3273041111714398","Kristen Heidenreich","Lethashire","1971-11-11","Laki-laki","AB","75547 Eliseo Place","Islam","Cerai","Human Applications Administrator","Indonesia"
"3273042708678501","Michelle Jaskolski","Devanchester","1967-08-27","Laki-laki","B","8774 Skye Extension","Buddha","Belum Menikah","Forward Factors Administrator","Indonesia"
"3273041009629980","Jermaine Flatley","Camyllestead","1962-09-10","Laki-laki","AB","28179 W Park Street","Islam","Menikah","Future Response Orchestrator","Indonesia"
"3273040711862142","Velma Durgan","South Ryan","1986-11-07","Laki-laki","O","262 Maple Road","Kong Hu Cu","Cerai","Internal Interactions Agent","Indonesia"
"3273041803939140","Freddie Hansen","South Floridaview","1993-03-18","Laki-laki","AB","5272 Ash Road","Hindu","Cerai","Human Response Developer","Indonesia"
"3273042901965745","Tom Hansen","Ankeny","1996-01-29","Laki-laki","O","536 N Pine Street","Katolik","Menikah","Customer Tactics Strategist","Indonesia"
"3273047011717483","Leticia Cremin","Andrewberg","1971-11-30","Perempuan","AB","276 Hills Mountain","Islam","Belum Menikah","Customer Optimization Architect","Indonesia"
"3273042205014411","Belinda Hodkiewicz","Lake Santosside","2001-05-22","Laki-laki","A","67143 Gerardo Turnpike","Kristen","Menikah","Product Web Technician","Indonesia"
"3273046401702821","Drew Steuber","Port Isabel","1970-01-24","Perempuan","O","714 Verner Ramp","Katolik","Cerai","Senior Research Representative","Indonesia"
"3273041809761874","Sheryl Jerde","Zellaville","1976-09-18","Laki-laki","O","6338 Sawayn Mall","Kong Hu Cu","Belum Menikah","Global Data Technician","Indonesia"
"3273041810846772","Hattie Bartell","South Jordynport","1984-10-18","Laki-laki","A","563 Lafayette Forges","Hindu","Menikah","Corporate Operations Producer","Indonesia"
"3273040304991806","Casey Parisian","South Blaiseland","1999-04-03","Laki-laki","AB","446 Hermiston Mews","Buddha","Belum Menikah","Future Interactions Orchestrator","Indonesia"
"3273041802858747","John Ortiz PhD","New Watsonbury","1985-02-17","Laki-laki","B","4618 S 3rd Street","Kristen","Cerai","Chief Identity Director","Indonesia"
"3273041502949597","Elias Johnson","Fort Rosa","1994-02-15","Laki-laki","O","37549 Bernadine Avenue","Kong Hu Cu","Cerai","Central Accounts Assistant","Indonesia"
"3273041704054869","Kellie Thiel Sr.","Hermistonborough","2005-04-17","Laki-laki","A","1174 Easton Island","Islam","Menikah","Direct Usability Coordinator","Indonesia"
"3273042905617682","Leon Lindgren","Leannstad","1961-05-28","Laki-laki","AB","36048 Huel Way","Kristen","Menikah","Forward Web Assistant","Indonesia"
"3273043108995398","Alfred Moore","Westminster","1999-08-30","Laki-laki","AB","152 Howard Street","Islam","Menikah","Global Identity Executive","Indonesia"
"3273042102724464","Grace Mosciski","Port Judsonfurt","1972-02-21","Laki-laki","B","81986 Bartoletti Park","Kong Hu Cu","Belum Menikah","Corporate Quality Associate","Indonesia"
"3273046401711485","Alvin Ernser","Fort Christianaview","1971-01-24","Perempuan","O","907 Bednar Branch","Buddha","Belum Menikah","Lead Accounts Technician","Indonesia"
"3273041109866169","Jerry Pagac","Kesslerworth","1986-09-11","Laki-laki","A","6852 Jordy Landing","Hindu","Menikah","Product Communications Administrator","Indonesia"
"3273040304038182","Brandy Hane","Diamond Bar","2003-04-03","Laki-laki","B","4372 Beatty Light","Hindu","Menikah","International Security Director","Indonesia"
"3273044802018867","Priscilla Dach","Kreigerfort","2001-02-08","Perempuan","B","61183 Chapel Street","Buddha","Cerai","Human Interactions Technician","Indonesia"
"3273046207588778","Roberto Ratke","Collinschester","1958-07-22","Perempuan","O","8191 Tremaine Groves","Katolik","Cerai","Senior Metrics Executive","Indonesia"
"3273040205787111","Lyle Kuvalis","Euless","1978-05-02","Laki-laki","B","68845 Name Heights","Buddha","Menikah","Investor Markets Supervisor","Indonesia"
"3273042009823588","Alan Jacobs","Kozeyhaven","1982-09-20","Laki-laki","O","35470 St John's Road","Kristen","Cerai","Direct Optimization Analyst","Indonesia"
"3273043107731681","Mabel Wolff","New Josiane","1973-07-30","Laki-laki","AB","6866 Ardella Rapids","Kong Hu Cu","Cerai","Internal Accountability Producer","Indonesia"
"3273044711027458","Eduardo Hilll","Liamchester","2002-11-06","Perempuan","B","704 Michaela View","Buddha","Cerai","Product Data Facilitator","Indonesia"
"3273040302002038","Marie Parisian","San Leandro","2000-02-02","Laki-laki","A","7766 Ankunding Hollow","Katolik","Cerai","Central Paradigm Producer","Indonesia"
"3273042209646053","Dr. Oscar Greenholt","New Lilaborough","1964-09-22","Laki-laki","A","209 Conroy Prairie","Katolik","Menikah","Chief Directives Strategist","Indonesia"
"3273042504704942","Bridget Lubowitz","West Vidal","1970-04-24","Laki-laki","A","45178 Weissnat Falls","Buddha","Menikah","Forward Factors Associate","Indonesia"
"3273041206733681","Arnold Stanton","Lake Jovan","1973-06-12","Laki-laki","B","526 Runolfsdottir Causeway","Kristen","Menikah","Legacy Web Architect","Indonesia"
"3273041901746485","Kristie Sauer IV","South Litzy","1974-01-19","Laki-laki","AB","519 E 4th Street","Islam","Menikah","Forward Research Strategist","Indonesia"
"3273041603673575","Dr. Winston Stoltenberg","Goyetteton","1967-03-16","Laki-laki","AB","88803 Cedar Road","Kong Hu Cu","Menikah","Investor Metrics Manager","Indonesia"
"3273042001843108","Meredith Feil","Kalebhaven","1984-01-20","Laki-laki","AB","332 Hagenes Dale","Buddha","Menikah","Legacy Marketing Developer","Indonesia"
"3273040809689949","Minnie Tillman","St. George","1968-09-08","Laki-laki","A","557 The Ridings","Kristen","Belum Menikah","Direct Assurance Officer","Indonesia"
"3273042610046686","Sonya Walker","New Britain","2004-10-26","Laki-laki","B","775 Washington Avenue","Kong Hu Cu","Belum Menikah","Product Security Analyst","Indonesia"
"3273040606665866","Sylvia Mosciski","Faheyland","1966-06-06","Laki-laki","B","4684 Coralie Manors","Katolik","Cerai","Legacy Operations Orchestrator","Indonesia"
"3273045605783198","Lee Moore","Millerstead","1978-05-16","Perempuan","O","80893 W Division Street","Kristen","Cerai","Legacy Configuration Assistant","Indonesia"
"3273040609021487","Dr. Willie Towne","Madera","2002-09-05","Laki-laki","AB","858 Willow Drive","Kong Hu Cu","Menikah","International Assurance Producer","Indonesia"
"3273041601773595","Carrie Franecki","West Jackie","1977-01-16","Laki-laki","B","74800 Sidney Rapid","Katolik","Belum Menikah","Internal Applications Representative","Indonesia"
"3273042908867665","Marvin Schuster","Lake Celestino","1986-08-29","Laki-laki","AB","4881 Lincoln Street","Buddha","Belum Menikah","Global Division Assistant","Indonesia"
"3273040212826972","Kerry Keebler-Weber","Johnstonmouth","1982-12-02","Laki-laki","AB","7141 15th Street","Kong Hu Cu","Belum Menikah","Global Quality Assistant","Indonesia"
"3273041308656955","Ramiro Heller","Kevenstad","1965-08-13","Laki-laki","O","7977 Old Lane","Kristen","Menikah","International Security Specialist","Indonesia"
"3273040312004730","Mitchell Pfeffer","Eleanorastad","2000-12-03","Laki-laki","AB","68087 Joshuah Heights","Kong Hu Cu","Menikah","Lead Optimization Supervisor","Indonesia"
"3273040411994043","Tommy Bode","Rickland","1999-11-04","Laki-laki","AB","4903 New Street","Kristen","Cerai","Product Interactions Designer","Indonesia"
"3273040310591657","Forrest Heidenreich","Arvillaview","1959-10-03","Laki-laki","AB","8430 Josue Center","Kong Hu Cu","Cerai","Chief Factors Technician","Indonesia"
"3273040204605826","Lynne Wyman","Johnstonburgh","1960-04-02","Laki-laki","B","4949 Mervin Ville","Katolik","Belum Menikah","Dynamic Brand Assistant","Indonesia"
"3273041610628889","Candace Hudson-Stark","North Alphonso","1962-10-16","Laki-laki","B","54177 S 5th Street","Katolik","Menikah","Product Infrastructure Coordinator","Indonesia"
"3273040605013853","Walter Murphy","Port Rylanberg","2001-05-06","Laki-laki","A","5795 Walsh Knoll","Islam","Cerai","Forward Interactions Representative","Indonesia"
"3273042607851143","Mrs. Lucille Hagenes","East Joaniestead","1985-07-25","Laki-laki","A","76083 Gulgowski Ramp","Kristen","Cerai","Forward Intranet Liaison","Indonesia"
"3273042601925118","Charlene Bailey","Einoview","1992-01-26","Laki-laki","AB","883 Nels Flat","Hindu","Menikah","Principal Directives Technician","Indonesia"
"3273041202941942","Sidney Senger-Johnston","Morarstead","1994-02-12","Laki-laki","O","970 Donnelly Village","Islam","Menikah","Senior Markets Engineer","Indonesia"
"3273042109795240","Shelly Schumm","Fort Nickbury","1979-09-21","Laki-laki","AB","504 The Laurels","Kristen","Menikah","Regional Infrastructure Officer","Indonesia"
"3273042909805582","Larry Hermann Jr.","New Judyboro","1980-09-29","Laki-laki","B","43940 S Division Street","Hindu","Belum Menikah","Legacy Program Manager","Indonesia"
"3273042612966410","Orlando Bartoletti","South Monicaberg","1996-12-26","Laki-laki","A","30435 Kristin Spring","Kristen","Menikah","Senior Creative Producer","Indonesia"
"3273040201065528","Michael Kris","Fort Emmanuelle","2006-01-01","Laki-laki","AB","981 Medhurst Ford","Kong Hu Cu","Cerai","Product Identity Consultant","Indonesia"
"3273042405056394","Roberta Herman","Lake Laurel","2005-05-24","Laki-laki","B","598 Blick Squares","Kong Hu Cu","Cerai","Human Operations Specialist","Indonesia"
"3273044808821451","Jay Schulist","New Clare","1982-08-07","Perempuan","O","827 Aidan Wall","Kong Hu Cu","Menikah","Lead Interactions Facilitator","Indonesia"
"3273042408038111","Bessie Stark","Port Camillastad","2003-08-24","Laki-laki","B","98703 Brook Road","Islam","Cerai","Product Interactions Architect","Indonesia"
"3273040701829782","Melanie Ferry V","Fort Florida","1982-01-07","Laki-laki","AB","3162 Tennyson Road","Hindu","Belum Menikah","Central Configuration Agent","Indonesia"
"3273041409831049","Gwendolyn Koepp","Fort Kelsi","1983-09-14","Laki-laki","B","464 Akeem Greens","Buddha","Cerai","District Implementation Developer","Indonesia"
"3273040309903259","Terrance Murphy","Lake Freddie","1990-09-03","Laki-laki","O","670 The Limes","Hindu","Belum Menikah","Investor Division Supervisor","Indonesia"
"3273042510993849","Erma Hirthe","South Mauricioport","1999-10-24","Laki-laki","O","6578 Orchard Road","Kong Hu Cu","Belum Menikah","Dynamic Operations Specialist","Indonesia"
"3273041612639927","Juan Hettinger","Strackeville","1963-12-15","Laki-laki","A","482 Oak Street","Katolik","Belum Menikah","District Directives Manager","Indonesia"
"3273041610703637","Owen Nicolas","O'Connertown","1970-10-15","Laki-laki","A","3930 George Street","Hindu","Belum Menikah","Senior Integration Engineer","Indonesia"
"3273040505876363","Jackie Mueller","Laishabury","1987-05-04","Laki-laki","A","23403 E Oak Street","Kristen","Belum Menikah","Product Markets Agent","Indonesia"
"3273042001893955","Clyde Kilback","West Miguelstad","1989-01-20","Laki-laki","A","7700 New Lane","Kong Hu Cu","Menikah","Direct Marketing Technician","Indonesia"
"3273045802016642","Kristine Goyette","Schillerfield","2001-02-18","Perempuan","A","90107 Church Road","Hindu","Belum Menikah","Forward Response Specialist","Indonesia"
"3273041511879257","Andrea Rowe","Roxanneport","1987-11-15","Laki-laki","B","3887 Main Street S","Islam","Cerai","Central Branding Associate","Indonesia"
"3273044608654578","Amber Dietrich-Bashirian","South Marjolainefurt","1965-08-06","Perempuan","AB","2824 Turcotte Forest","Katolik","Menikah","Internal Group Designer","Indonesia"
"3273046302852371","Carlos Ferry","Port Lenore","1985-02-23","Perempuan","O","941 Mante Oval","Kristen","Cerai","National Operations Supervisor","Indonesia"
"3273040507803095","Karla Watsica I","Delberttown","1980-07-05","Laki-laki","B","615 Jast Land","Kong Hu Cu","Belum Menikah","Human Web Executive","Indonesia"
"3273040912838256","Jerome Bogisich","North Juliabury","1983-12-09","Laki-laki","A","457 Angeline Path","Katolik","Belum Menikah","Legacy Markets Executive","Indonesia"
"3273043105842230","Olivia Watsica","Chynaborough","1984-05-30","Laki-laki","O","438 Stamm Rapid","Hindu","Cerai","Internal Metrics Consultant","Indonesia"
"3273042401914473","Chester Kautzer-Barrows","Spring Valley","1991-01-24","Laki-laki","A","80725 2nd Street","Buddha","Cerai","Internal Mobility Representative","Indonesia"
"3273040904699758","Kristie Glover","Pfefferchester","1969-04-09","Laki-laki","B","97037 Rosario Corner","Buddha","Cerai","Lead Web Planner","Indonesia"
"3273040901848989","Geneva Corkery","Kuvalisstad","1984-01-08","Laki-laki","AB","75599 Adell Inlet","Hindu","Belum Menikah","Human Integration Associate","Indonesia"
"3273041603697202","Eugene Rodriguez","Port Gust","1969-03-15","Laki-laki","B","320 Field Lane","Hindu","Cerai","Corporate Interactions Engineer","Indonesia"
"3273040112964622","Mathew Skiles","Gilroy","1996-12-01","Laki-laki","AB","787 Birch Close","Buddha","Belum Menikah","Internal Markets Consultant","Indonesia"
"3273040808688373","Ben Hoeger","Honolulu","1968-08-07","Laki-laki","A","5678 Deonte Garden","Kong Hu Cu","Cerai","District Usability Strategist","Indonesia"
"3273044808939350","Rudolph Kassulke","Littelstad","1993-08-08","Perempuan","A","40951 Zemlak Lakes","Kong Hu Cu","Menikah","Regional Metrics Developer","Indonesia"
"3273041408903740","Dolores Bosco-Herman","Lake Wendell","1990-08-14","Laki-laki","AB","163 Irving Pines","Kristen","Menikah","Regional Group Coordinator","Indonesia"
"3273041306819292","Allison Bruen","Mertzchester","1981-06-13","Laki-laki","O","4187 Elm Close","Islam","Cerai","Corporate Markets Developer","Indonesia"
"3273043004616946","Lori Strosin","West Bertachester","1961-04-30","Laki-laki","B","44500 E Bridge Street","Hindu","Cerai","Principal Program Manager","Indonesia"
"3273041708757363","Jenny Price","Hoegerfort","1975-08-17","Laki-laki","O","80124 S Main","Buddha","Menikah","Lead Tactics Agent","Indonesia"
"3273042903861685","Muriel Pfannerstill","San Antonio","1986-03-29","Laki-laki","B","16265 Haskell Gateway","Hindu","Menikah","Internal Communications Assistant","Indonesia"
"3273041812976201","Mr. Clark Fisher","East Darius","1997-12-17","Laki-laki","B","52667 Crona Village","Islam","Cerai","Principal Configuration Analyst","Indonesia"
"3273042206597222","Lindsay Kilback","Fisherburgh","1959-06-21","Laki-laki","B","152 Mollie Keys","Kristen","Menikah","Future Functionality Engineer","Indonesia"
"3273042002949261","Barbara Heidenreich","Fort Jovannyville","1994-02-20","Laki-laki","AB","3589 Euna Wells","Islam","Menikah","District Markets Facilitator","Indonesia"
"3273042009777553","Joel Schaefer III","Alizeland","1977-09-20","Laki-laki","AB","384 Crescent Road","Hindu","Belum Menikah","Internal Marketing Director","Indonesia"
"3273040305685559","Anne Murray","New Jaleelworth","1968-05-03","Laki-laki","AB","6877 Garrick Flats","Buddha","Menikah","Internal Interactions Developer","Indonesia"
"3273040307943963","Angelo Konopelski","East Sonia","1994-07-03","Laki-laki","O","722 Vincenza Islands","Katolik","Menikah","Direct Brand Liaison","Indonesia"
"3273045712022864","Dennis Wilderman Sr.","St. Louis","2002-12-17","Perempuan","AB","3568 Hirthe Wells","Kristen","Menikah","Principal Accounts Executive","Indonesia"
"3273041210708958","Dr. Sherri Funk II","Dorotheastead","1970-10-11","Laki-laki","O","42068 Camryn Circles","Kristen","Menikah","Internal Division Manager","Indonesia"
"3273040710896462","Ms. Roxanne Abernathy","Lake Annamariemouth","1989-10-07","Laki-laki","O","225 Bauch Club","Kong Hu Cu","Belum Menikah","Forward Directives Engineer","Indonesia"
"3273041507056354","Roosevelt Mante","West Eldonview","2005-07-14","Laki-laki","O","874 Fisher Rapid","Hindu","Cerai","Customer Solutions Director","Indonesia"
"3273041808828561","Jerry Lehner","Ankundingburgh","1982-08-18","Laki-laki","B","51450 Mitchell Station","Katolik","Cerai","Central Operations Executive","Indonesia"
"3273040510818675","Gilbert Kihn MD","Kenyonview","1981-10-05","Laki-laki","AB","68876 Fermin Pass","Islam","Cerai","Product Communications Director","Indonesia"
"3273042402023544","Bessie Blanda","Lake Ceceliaburgh","2002-02-24","Laki-laki","A","89489 Senger Lodge","Islam","Belum Menikah","Lead Marketing Officer","Indonesia"
"3273042912655524","Thelma Toy","Swiftworth","1965-12-29","Laki-laki","B","255 Koch Valleys","Buddha","Cerai","Investor Interactions Supervisor","Indonesia"
"3273040409017815","Ethel Fahey","East Estefaniabury","2001-09-03","Laki-laki","B","80475 Rogahn Cove","Kristen","Belum Menikah","Customer Operations Manager","Indonesia"
"3273041603632009","Curtis Frami","West Mariela","1963-03-16","Laki-laki","O","973 Stephan Extensions","Hindu","Cerai","Regional Data Analyst","Indonesia"
"3273043010824488","Lindsey Morissette","Boscoland","1982-10-30","Laki-laki","O","71388 Kaleigh Shoals","Hindu","Cerai","Direct Interactions Coordinator","Indonesia"
"3273041404025073","Cedric Hoppe","Mayerhaven","2002-04-14","Laki-laki","O","4368 Michaela Parks","Islam","Belum Menikah","Product Directives Strategist","Indonesia"
"3273041608622738","Pete Altenwerth","Port Ashlynnville","1962-08-15","Laki-laki","O","31023 Howell Row","Kristen","Cerai","Corporate Directives Specialist","Indonesia"
"3273040304611800","Theodore Jones","Grand Prairie","1961-04-02","Laki-laki","B","522 Carrie Crest","Buddha","Cerai","Investor Mobility Specialist","Indonesia"
"3273046707689843","Mr. Rene Nicolas","West Hertha","1968-07-27","Perempuan","AB","15413 Chapel Close","Islam","Belum Menikah","Investor Data Representative","Indonesia"
"3273042102847037","Tamara Wehner","East Bernadineborough","1984-02-21","Laki-laki","AB","6715 W Division Street","Kong Hu Cu","Belum Menikah","Principal Identity Assistant","Indonesia"
"3273040302662941","Lillie Ritchie","Schuppefort","1966-02-03","Laki-laki","O","41287 Daniel Prairie","Katolik","Belum Menikah","National Identity Designer","Indonesia"
"3273043012824818","Tasha Ryan","Lake Elsieboro","1982-12-30","Laki-laki","AB","5222 Ray Mill","Buddha","Belum Menikah","Corporate Security Strategist","Indonesia"
"3273046802717389","Dana D'Amore","Tigard","1971-02-28","Perempuan","A","571 S Broadway Street","Buddha","Menikah","International Tactics Planner","Indonesia"
"3273041811786301","Marc Weber","Rogers","1978-11-18","Laki-laki","O","39445 Kunde Crossing","Islam","Belum Menikah","Lead Operations Director","Indonesia"
"3273042102671719","Tara Erdman","Coachella","1967-02-20","Laki-laki","O","325 N Chestnut Street","Hindu","Cerai","Legacy Assurance Orchestrator","Indonesia"
"3273041507937983","Laura O'Conner","Sheboygan","1993-07-15","Laki-laki","AB","188 Northfield Road","Buddha","Belum Menikah","Senior Paradigm Architect","Indonesia"
"3273041301634189","Troy Ratke","South Patsystad","1963-01-13","Laki-laki","AB","26768 Delta Forest","Kong Hu Cu","Cerai","Customer Paradigm Engineer","Indonesia"
"3273042911686657","Karla Sipes","New Agustinshire","1968-11-29","Laki-laki","A","408 Jackson Street","Hindu","Belum Menikah","Global Assurance Designer","Indonesia"
"3273042803043809","Teri Crist","San Luis Obispo","2004-03-28","Laki-laki","B","963 Nitzsche Plain","Kristen","Belum Menikah","Regional Research Representative","Indonesia"
"3273044308803690","Lydia Beer","West Caylatown","1980-08-03","Perempuan","O","5890 Kendrick Gardens","Kristen","Cerai","Future Assurance Coordinator","Indonesia"
"3273044104047187","Randal Harris","Gradystad","2004-03-31","Perempuan","A","95778 Vickie Curve","Hindu","Menikah","Global Implementation Developer","Indonesia"
"3273041907861864","Casey Orn Jr.","Conroyfort","1986-07-18","Laki-laki","AB","59235 Ruby Mill","Islam","Belum Menikah","Future Applications Associate","Indonesia"
"3273045410808304","Jake Greenholt IV","North Chazberg","1980-10-13","Perempuan","B","73208 Berniece Rue","Hindu","Cerai","Legacy Factors Administrator","Indonesia"
"3273041204863778","Dr. Bob Maggio PhD","Jarvisshire","1986-04-11","Laki-laki","O","408 Aurelio Manor","Buddha","Belum Menikah","Dynamic Identity Engineer","Indonesia"
"3273040803879071","Mr. Bryan Hahn","Spring Hill","1987-03-08","Laki-laki","B","4087 State Avenue","Hindu","Cerai","District Infrastructure Executive","Indonesia"
"3273042004927005","Carmen Legros","Larkinshire","1992-04-20","Laki-laki","O","58832 Aspen Close","Buddha","Menikah","National Operations Agent","Indonesia"
"3273041701676842","Ted Orn","Cecilport","1967-01-17","Laki-laki","A","2163 Emely Walks","Islam","Belum Menikah","Human Identity Planner","Indonesia"
"3273043012745060","Dr. Kenneth Sporer","Bechtelarstead","1974-12-30","Laki-laki","AB","237 Schuyler Burgs","Hindu","Menikah","Principal Metrics Representative","Indonesia"
"3273040805907446","Irvin Osinski","Carterworth","1990-05-08","Laki-laki","A","405 Lavonne Islands","Katolik","Menikah","Senior Optimization Manager","Indonesia"
"3273040801898508","Yvonne Schinner V","Port Adolphusport","1989-01-08","Laki-laki","AB","8941 Preston Plains","Katolik","Menikah","Senior Quality Consultant","Indonesia"
"3273040306646152","Dr. Malcolm Veum","New Everett","1964-06-02","Laki-laki","B","540 Bogisich Mountains","Buddha","Belum Menikah","Global Data Orchestrator","Indonesia"
"3273041004764811","Michelle Leuschke-D'Amore","Milobury","1976-04-10","Laki-laki","O","1341 Park View","Kristen","Belum Menikah","Central Usability Director","Indonesia"
"3273040403764881","Nathaniel Swift","Norvalboro","1976-03-04","Laki-laki","B","1030 Roman Way","Hindu","Cerai","Senior Accountability Coordinator","Indonesia"
"3273040311958225","Diane Kunze","East Carleestad","1995-11-02","Laki-laki","O","364 Pennsylvania Avenue","Islam","Belum Menikah","Product Configuration Supervisor","Indonesia"
"3273044508871210","Sonia McDermott","Lavernview","1987-08-05","Perempuan","AB","9442 Reilly Station","Kong Hu Cu","Cerai","Customer Branding Director","Indonesia"
"3273040807946473","Kent Torp","Vonfurt","1994-07-07","Laki-laki","A","5423 Dovie Rapids","Kong Hu Cu","Cerai","Principal Tactics Producer","Indonesia"
"3273043010903930","Allan Price","Kelvinshire","1990-10-30","Laki-laki","AB","25172 Velma Squares","Katolik","Belum Menikah","Future Infrastructure Coordinator","Indonesia"
"3273045612897195","Nicole Langosh","North Brennatown","1989-12-16","Perempuan","O","889 Brisa Stravenue","Buddha","Menikah","Central Quality Administrator","Indonesia"
"3273042802925754","Laurence Deckow III","Port Jermain","1992-02-28","Laki-laki","O","8760 Tanya Tunnel","Kristen","Cerai","District Interactions Strategist","Indonesia"
"3273042908839019","Dr. Jennifer Schmeler","Lake Fermin","1983-08-29","Laki-laki","B","29376 N Front Street","Kong Hu Cu","Menikah","Lead Web Coordinator","Indonesia"
"3273042211964997","Rhonda Waters","East Alvahworth","1996-11-21","Laki-laki","B","3022 Friesen Branch","Buddha","Menikah","Customer Paradigm Planner","Indonesia"
"3273040304643637","Amos Oberbrunner","Tracecester","1964-04-02","Laki-laki","AB","336 Church Close","Islam","Belum Menikah","Product Paradigm Developer","Indonesia"
"3273042701728352","Danny Schulist","Edina","1972-01-27","Laki-laki","B","610 Watsica Fields","Islam","Cerai","Central Response Consultant","Indonesia"
"3273040811976641","Levi Simonis","Fountain Valley","1997-11-08","Laki-laki","B","36261 Larkin Turnpike","Buddha","Belum Menikah","Human Accounts Engineer","Indonesia"
"3273041604854217","Myron Langworth","New Hallie","1985-04-16","Laki-laki","A","95194 Lowe Isle","Buddha","Cerai","International Branding Assistant","Indonesia"
"3273042510709516","Claudia Ziemann","Albany","1970-10-25","Laki-laki","AB","798 Weber Alley","Hindu","Cerai","District Branding Agent","Indonesia"
"3273042912652670","Rachel Parker","Oklahoma City","1965-12-29","Laki-laki","O","44167 South View","Katolik","Cerai","Internal Identity Assistant","Indonesia"
"3273041811765309","Tiffany Wiza","Lednerville","1976-11-17","Laki-laki","AB","9318 Arvid Flat","Hindu","Cerai","Regional Identity Architect","Indonesia"
"3273041210875403","Miss Lynda Crona","Veronicaburgh","1987-10-12","Laki-laki","O","689 Johnathon Mews","Kristen","Cerai","Forward Response Specialist","Indonesia"
"3273041507014810","Marvin Ernser","Athens-Clarke County","2001-07-14","Laki-laki","B","83134 Kuvalis Bypass","Kristen","Cerai","Principal Solutions Engineer","Indonesia"
"3273041804967734","Ross Ortiz","Aldenmouth","1996-04-18","Laki-laki","A","169 Adeline Manor","Islam","Belum Menikah","District Factors Liaison","Indonesia"
"3273042512904015","Helen Bartell","Lavernastad","1990-12-25","Laki-laki","AB","131 Eugene Roads","Kristen","Belum Menikah","Legacy Creative Supervisor","Indonesia"
"3273041710003910","Jonathon Yost Jr.","Runolfsdottirtown","2000-10-17","Laki-laki","B","96883 S Park Street","Kong Hu Cu","Cerai","Global Identity Facilitator","Indonesia"
"3273046510982763","Karla Nienow","Felicityland","1998-10-25","Perempuan","B","941 Sean Brooks","Kong Hu Cu","Belum Menikah","Principal Branding Director","Indonesia"
"3273041307865995","Joyce Reynolds","Arturoborough","1986-07-12","Laki-laki","O","5563 Talon Row","Katolik","Menikah","District Data Associate","Indonesia"
"3273041511957569","Naomi Balistreri","New Diana","1995-11-14","Laki-laki","B","632 Kameron Extensions","Buddha","Cerai","Chief Division Coordinator","Indonesia"
"3273044110604145","Latoya Beer I","West Anika","1960-10-01","Perempuan","AB","6652 Dena Islands","Hindu","Menikah","Chief Usability Orchestrator","Indonesia"
"3273043101896437","Bobbie Rath","Wittingboro","1989-01-31","Laki-laki","AB","84032 Watery Lane","Kristen","Menikah","Investor Web Engineer","Indonesia"
"3273040911979841","June Moen","Buckridgefield","1997-11-08","Laki-laki","AB","228 Prosacco Forges","Kristen","Menikah","Direct Infrastructure Engineer","Indonesia"
"3273041204769475","Deanna Mann","Conroyboro","1976-04-11","Laki-laki","B","59815 Rory Mount","Islam","Belum Menikah","Internal Metrics Planner","Indonesia"
"3273040201046807","Angel Wiza","Francescastad","2004-01-02","Laki-laki","A","29584 Felicita Flat","Buddha","Menikah","Regional Assurance Coordinator","Indonesia"
"3273040610863624","Darrel Blanda","East Brandy","1986-10-05","Laki-laki","B","36619 Church Path","Katolik","Menikah","International Division Executive","Indonesia"
"3273040411035616","Mabel Stiedemann-Beatty","Lake Nick","2003-11-04","Laki-laki","O","3074 School Close","Buddha","Menikah","Future Assurance Engineer","Indonesia"
"3273042202692490","Andrea Kozey","East Jeremie","1969-02-22","Laki-laki","AB","9076 Ottis Centers","Katolik","Belum Menikah","District Web Assistant","Indonesia"
"3273041305619334","Javier Bradtke","Thereseborough","1961-05-12","Laki-laki","A","75044 Fadel Roads","Kong Hu Cu","Belum Menikah","Legacy Quality Designer","Indonesia"
"3273042606995027","Duane Harris","Lake Abbie","1999-06-26","Laki-laki","B","780 Bauch Fort","Kristen","Cerai","Investor Marketing Executive","Indonesia"
"3273041210932094","Dr. Tasha Corkery","Whiteport","1993-10-11","Laki-laki","A","488 Mill Close","Hindu","Menikah","Internal Functionality Technician","Indonesia"
"3273046912995229","Mrs. Ernestine Jones","Decatur","1999-12-29","Perempuan","AB","8093 Fernando Lane","Buddha","Belum Menikah","Direct Paradigm Architect","Indonesia"
"3273042009667758","Gary DuBuque","Mentor","1966-09-20","Laki-laki","AB","2731 Johnston Creek","Kong Hu Cu","Belum Menikah","Regional Metrics Liaison","Indonesia"
"3273041109786127","Elizabeth Grimes","South Brisa","1978-09-11","Laki-laki","A","86389 Gerhold Gateway","Katolik","Belum Menikah","Customer Infrastructure Producer","Indonesia"
"3273041310696880","Joyce Quigley","Jaleelview","1969-10-13","Laki-laki","A","33121 Earnestine Field","Katolik","Menikah","Investor Accountability Manager","Indonesia"
"3273040912832618","Marlon Kub","Ogden","1983-12-09","Laki-laki","B","49469 Hoeger Freeway","Katolik","Belum Menikah","Principal Configuration Representative","Indonesia"
"3273040808704615","Erma White","Denton","1970-08-08","Laki-laki","B","460 Grand Avenue","Kong Hu Cu","Menikah","Corporate Directives Associate","Indonesia"
"3273042212588951","Jeremy Pfeffer","West Fabian","1958-12-22","Laki-laki","AB","848 New Lane","Buddha","Menikah","Senior Brand Liaison","Indonesia"
"3273042210825686","Alberta Turcotte","Lake Alanna","1982-10-21","Laki-laki","A","64131 Bechtelar Parkway","Buddha","Belum Menikah","Regional Marketing Representative","Indonesia"
"3273040303913718","James Kuhn","Thielcester","1991-03-03","Laki-laki","B","41306 Samir Lake","Kristen","Menikah","National Branding Developer","Indonesia"
"3273041905838325","Monique Mraz","Santa Monica","1983-05-19","Laki-laki","B","10292 Carter Bridge","Katolik","Menikah","Dynamic Markets Supervisor","Indonesia"
"3273043005903000","Patrick West","Davionview","1990-05-30","Laki-laki","AB","52726 Shanon Canyon","Kristen","Menikah","Product Program Representative","Indonesia"
"3273042209803559","Roderick Jaskolski","Athens-Clarke County","1980-09-21","Laki-laki","A","566 Talia Heights","Kristen","Menikah","International Brand Architect","Indonesia"
"3273042401701023","Jean Pfeffer","Abigaylestad","1970-01-23","Laki-laki","B","64724 Fisher Parkway","Kong Hu Cu","Menikah","Dynamic Operations Assistant","Indonesia"
"3273042105878390","Roy Spencer-Pacocha IV","East Ellsworthshire","1987-05-21","Laki-laki","A","7673 W Maple Street","Islam","Menikah","Central Program Officer","Indonesia"
"3273041502036804","Daryl Schinner","Kulasshire","2003-02-15","Laki-laki","B","1776 Rodger Ridge","Kristen","Belum Menikah","Forward Functionality Strategist","Indonesia"
"3273040306941750","Alonzo Stokes II","Nickolaschester","1994-06-03","Laki-laki","B","21322 Alana Ramp","Hindu","Menikah","Lead Accountability Executive","Indonesia"
"3273042807714737","Priscilla Kunde","Leannonton","1971-07-28","Laki-laki","O","3452 Jones Drives","Buddha","Cerai","Principal Integration Manager","Indonesia"
"3273043107011142","Lora Zieme","Mullerfort","2001-07-31","Laki-laki","B","437 Derwent Close","Islam","Cerai","Direct Tactics Agent","Indonesia"
"3273041205999561","Bruce Streich","South Rylan","1999-05-12","Laki-laki","B","6408 Karine Cliffs","Buddha","Cerai","National Metrics Designer","Indonesia"
"3273042501828612","Beulah Powlowski","Greenholtbury","1982-01-25","Laki-laki","AB","3303 Hawthorn Avenue","Kristen","Menikah","Legacy Paradigm Engineer","Indonesia"
"3273042208926146","Dr. Darla Cummerata","Sylviaboro","1992-08-22","Laki-laki","AB","9325 Annalise Grove","Kristen","Belum Menikah","Dynamic Infrastructure Planner","Indonesia"
"3273046701622207","Elvira Medhurst Sr.","Fort Una","1962-01-27","Perempuan","O","21671 The Poplars","Hindu","Menikah","Global Assurance Producer","Indonesia"
"3273042102996807","Lucille Feeney","Baronshire","1999-02-21","Laki-laki","B","10893 Zechariah Path","Kong Hu Cu","Belum Menikah","Forward Response Orchestrator","Indonesia"
"3273040501751865","Dean Crona","South Cody","1975-01-05","Laki-laki","B","8254 Labadie Point","Kristen","Cerai","Future Identity Facilitator","Indonesia"
"3273042605624409","Mike Heidenreich IV","Lake Britney","1962-05-25","Laki-laki","O","321 Ruecker Estates","Islam","Cerai","International Marketing Agent","Indonesia"
"3273041606657058","Latoya Rolfson","DuBuquechester","1965-06-15","Laki-laki","O","9785 Glebe Close","Kristen","Cerai","Future Optimization Officer","Indonesia"
"3273040111615224","Rafael Moen","Cordieberg","1961-11-01","Laki-laki","O","43855 Devonshire Road","Islam","Cerai","Forward Directives Liaison","Indonesia"
"3273040101928200","Doyle Dare","Janelleburgh","1992-01-01","Laki-laki","A","92811 Schimmel Manors","Hindu","Cerai","District Functionality Supervisor","Indonesia"
"3273046407897777","Margaret Conroy","Adeleland","1989-07-23","Perempuan","AB","869 1st Avenue","Islam","Menikah","Lead Group Director","Indonesia"
"3273042509037020","Mrs. Sherry Rohan MD","Eagan","2003-09-25","Laki-laki","AB","3621 Kobe Bridge","Hindu","Menikah","Dynamic Data Supervisor","Indonesia"
"3273045807822828","Margaret Goldner","Lockmanberg","1982-07-18","Perempuan","B","61057 Hall Lane","Hindu","Menikah","Regional Configuration Planner","Indonesia"
"3273045702596446","June Romaguera","Birdieboro","1959-02-17","Perempuan","A","851 W South Street","Hindu","Cerai","Principal Security Director","Indonesia"
"3273040708611527","Mable Schmeler","Harberbury","1961-08-06","Laki-laki","A","63435 Smitham Unions","Buddha","Cerai","District Paradigm Producer","Indonesia"
"3273042103069291","Estelle Ritchie","East Lukas","2006-03-21","Laki-laki","AB","8637 Meadow View","Kristen","Belum Menikah","Investor Tactics Developer","Indonesia"
"3273041405861288","Carolyn Frami","Mentor","1986-05-14","Laki-laki","O","31269 Audra Canyon","Islam","Belum Menikah","Future Accounts Assistant","Indonesia"
"3273041503984202","Ms. Lola Lang","Lake Hailey","1998-03-15","Laki-laki","A","432 Weissnat Valleys","Katolik","Cerai","Senior Mobility Supervisor","Indonesia"
"3273044808648601","Mr. Salvatore Murray-Friesen I","Hermanboro","1964-08-08","Perempuan","O","781 Leuschke Terrace","Kong Hu Cu","Cerai","Direct Mobility Representative","Indonesia"
"3273041003988561","Michelle Rippin","Jameyville","1998-03-10","Laki-laki","A","66058 The Crescent","Hindu","Menikah","Forward Intranet Designer","Indonesia"
"3273040508643994","Bennie Sipes","St. Clair Shores","1964-08-05","Laki-laki","A","6006 Roslyn Path","Islam","Belum Menikah","Investor Marketing Supervisor","Indonesia"
"3273047001648401","Shawn Spinka","Noahcester","1964-01-29","Perempuan","B","51790 Myriam Landing","Buddha","Cerai","Senior Integration Agent","Indonesia"
"3273046202994707","Mr. Carroll Murazik MD","Pollichshire","1999-02-22","Perempuan","AB","52178 Mraz Court","Kristen","Belum Menikah","Human Branding Specialist","Indonesia"
"3273045702634611","Tamara Hegmann-Sawayn","North Candice","1963-02-17","Perempuan","A","1268 Koepp Crossroad","Islam","Cerai","Customer Interactions Consultant","Indonesia"
"3273045907851525","Dr. Joy Champlin","North Rafaelhaven","1985-07-18","Perempuan","AB","239 Clarence Road","Islam","Cerai","Regional Identity Agent","Indonesia"
"3273042103647176","Chester Pagac","Willastead","1964-03-21","Laki-laki","A","4652 Marquardt Mountain","Hindu","Menikah","Legacy Integration Analyst","Indonesia"
"3273040202068365","Marian Weimann","West Weldon","2006-02-01","Laki-laki","A","2390 S Front Street","Kristen","Cerai","Product Infrastructure Representative","Indonesia"
"3273042403673542","Kay Hackett","Sherwoodborough","1967-03-24","Laki-laki","AB","70450 Luisa Inlet","Katolik","Cerai","National Security Engineer","Indonesia"
"3273041402776028","Jean Mohr","Spinkafurt","1977-02-14","Laki-laki","O","573 Denesik Ramp","Kristen","Cerai","Senior Optimization Administrator","Indonesia"
"3273041903699242","Mrs. Loretta Kilback V","Columbia","1969-03-19","Laki-laki","A","313 The Oval","Katolik","Menikah","National Infrastructure Executive","Indonesia"
"3273041109825379","Forrest Wiegand II","Lake Damon","1982-09-10","Laki-laki","O","43092 Neha Turnpike","Kristen","Menikah","Senior Quality Director","Indonesia"
"3273042212652755","Timmy Farrell","Ryanstead","1965-12-22","Laki-laki","A","436 Schuster Landing","Islam","Menikah","Investor Operations Strategist","Indonesia"
"3273040202893296","Francis Runte","Genefort","1989-02-02","Laki-laki","A","6687 Kuhn Fords","Katolik","Menikah","Investor Infrastructure Engineer","Indonesia"
"3273041501683952","Velma O'Keefe","Berryberg","1968-01-15","Laki-laki","B","2354 Susanna Burgs","Katolik","Belum Menikah","Regional Group Specialist","Indonesia"
"3273041908906005","Allen Gibson","Tinley Park","1990-08-19","Laki-laki","O","860 Pagac Mall","Kristen","Belum Menikah","Central Accountability Planner","Indonesia"
"3273041609832374","Dr. Jeannie Sanford","Eduardoworth","1983-09-15","Laki-laki","B","701 Delphine Loaf","Hindu","Menikah","Legacy Markets Planner","Indonesia"
"3273042804603503","Christopher Wolf","North Mateo","1960-04-28","Laki-laki","B","78542 Jamie Club","Katolik","Menikah","Lead Research Consultant","Indonesia"
"3273042803926374","Marcia Zulauf-Heller","Fort Alejandracester","1992-03-28","Laki-laki","A","92908 Hillside Close","Buddha","Cerai","Corporate Operations Technician","Indonesia"
"3273042201866266","Abel Pfeffer","West Marashire","1986-01-22","Laki-laki","B","9309 The Copse","Katolik","Menikah","Global Division Director","Indonesia"
"3273041112885513","Darrel Turcotte","Fort Weldonland","1988-12-11","Laki-laki","B","5017 Goyette Highway","Kristen","Belum Menikah","Corporate Paradigm Facilitator","Indonesia"
"3273041212941281","Lydia Moen","Fort Morrisfort","1994-12-11","Laki-laki","AB","796 Bogan Station","Buddha","Menikah","Future Implementation Associate","Indonesia"
"3273042005593431","Terrance Terry","Lake Wileyport","1959-05-20","Laki-laki","O","33235 Murphy Wall","Katolik","Belum Menikah","Product Data Architect","Indonesia"
"3273041111868014","Dwayne Paucek III","East Abe","1986-11-11","Laki-laki","AB","302 Osinski Shores","Kristen","Cerai","Senior Paradigm Planner","Indonesia"
"3273040409893232","Elena Jacobi","Flint","1989-09-03","Laki-laki","AB","828 Gulgowski Drive","Kristen","Belum Menikah","Dynamic Accounts Director","Indonesia"
"3273040905678202","Rosalie Cronin MD","Mosciskiworth","1967-05-09","Laki-laki","B","37738 Grant Club","Kristen","Cerai","Direct Division Planner","Indonesia"
"3273042002044683","Ed Nikolaus","Linastead","2004-02-20","Laki-laki","O","57275 Third Street","Kong Hu Cu","Belum Menikah","Direct Configuration Liaison","Indonesia"
"3273041101863106","Mr. Archie Howe","Linden","1986-01-11","Laki-laki","O","52825 Kingfisher Close","Kristen","Belum Menikah","Chief Infrastructure Planner","Indonesia"
"3273041303615386","Paulette Thiel","East Orphafort","1961-03-13","Laki-laki","O","9049 Brookside","Katolik","Menikah","Direct Metrics Technician","Indonesia"
"3273042505882870","Linda Blanda","Otiliafield","1988-05-24","Laki-laki","AB","64857 Murazik Green","Hindu","Menikah","Internal Program Liaison","Indonesia"
"3273042206582665","Raul Homenick","Altenwerthfurt","1958-06-22","Laki-laki","B","59856 Davis Street","Hindu","Belum Menikah","Dynamic Optimization Architect","Indonesia"
"3273040507701171","Sonia Kreiger","Euclid","1970-07-04","Laki-laki","O","7695 Heron Close","Kong Hu Cu","Cerai","Senior Factors Assistant","Indonesia"
"3273041807901493","Caleb Rempel","Willietown","1990-07-18","Laki-laki","AB","20143 Anderson Shores","Buddha","Cerai","Lead Data Analyst","Indonesia"
"3273046703984671","Barbara Kling","Fort Nikolastown","1998-03-27","Perempuan","A","210 Waters Throughway","Hindu","Menikah","Internal Program Coordinator","Indonesia"
"3273046012759114","Sam Gibson","Edgardoview","1975-12-19","Perempuan","B","353 Waterside","Kristen","Belum Menikah","International Branding Director","Indonesia"
"3273041706977271","Mrs. Josephine Armstrong","Nolanfield","1997-06-17","Laki-laki","O","624 Tillman Manor","Kristen","Menikah","Future Communications Specialist","Indonesia"
"3273046306963246","Faith Swaniawski","Pittsburgh","1996-06-23","Perempuan","A","919 E Broadway","Katolik","Cerai","Product Branding Liaison","Indonesia"
"3273040511726312","Arlene Hand","Paucekfield","1972-11-05","Laki-laki","A","24147 Brayan Center","Buddha","Menikah","National Group Assistant","Indonesia"
"3273041310746893","Gilbert Feest Sr.","South Kendall","1974-10-13","Laki-laki","AB","72230 E Franklin Street","Hindu","Cerai","Investor Intranet Agent","Indonesia"
"3273041812828263","Elaine Mitchell","Hayeschester","1982-12-18","Laki-laki","A","3721 Jace Island","Hindu","Menikah","Direct Communications Analyst","Indonesia"
"3273043009962274","Jacquelyn Ledner","Abshireview","1996-09-30","Laki-laki","AB","474 Dusty Drives","Islam","Belum Menikah","Customer Factors Technician","Indonesia"
"3273041008657215","Percy Tremblay","Fort Coltcester","1965-08-10","Laki-laki","A","72832 Brekke Mill","Buddha","Cerai","International Integration Specialist","Indonesia"
"3273042812825358","Frankie Okuneva","Fort Anahiside","1982-12-28","Laki-laki","AB","2857 Hickle Views","Hindu","Menikah","Principal Configuration Orchestrator","Indonesia"
"3273042308719028","Allen Yundt","Grantburgh","1971-08-23","Laki-laki","A","4126 Woodlands Close","Kong Hu Cu","Belum Menikah","International Mobility Administrator","Indonesia"
"3273040803876029","Barbara Jast","Gayleboro","1987-03-08","Laki-laki","AB","746 Althea Meadow","Kong Hu Cu","Cerai","Chief Implementation Officer","Indonesia"
"3273044304646029","Rodolfo Schumm","South Winifred","1964-04-02","Perempuan","O","4802 Bednar Hills","Kong Hu Cu","Menikah","Principal Integration Orchestrator","Indonesia"
"3273041303047626","Ms. Patsy Gutkowski I","Chicopee","2004-03-13","Laki-laki","O","67405 Lawrence Street","Hindu","Cerai","Dynamic Data Representative","Indonesia"
"3273040803065185","Mrs. Eileen Wilkinson","Port Dan","2006-03-08","Laki-laki","A","67877 Jackson Avenue","Kong Hu Cu","Menikah","Global Branding Liaison","Indonesia"
"3273041311029074","Dr. Ruby Barton","Demondfort","2002-11-12","Laki-laki","B","35640 Abraham Springs","Kong Hu Cu","Menikah","District Applications Producer","Indonesia"
"3273042904835469","Gail Gutmann Jr.","Jesshaven","1983-04-29","Laki-laki","A","3351 Laila Lock","Hindu","Menikah","Human Markets Facilitator","Indonesia"
"3273046403727621","Ms. Hope Schuster-Hirthe","Farmington","1972-03-24","Perempuan","AB","19534 Meadow Way","Katolik","Belum Menikah","Global Division Strategist","Indonesia"
"3273043105901096","Lyle Kertzmann","Ceasarside","1990-05-31","Laki-laki","B","403 Jacobi Loop","Katolik","Menikah","Product Branding Agent","Indonesia"
"3273042207777335","Rochelle Legros","Keyshawnstead","1977-07-21","Laki-laki","B","2369 Ahmad Wall","Islam","Cerai","Human Branding Architect","Indonesia"
"3273042202729854","Kelli Anderson","South Jermey","1972-02-22","Laki-laki","AB","4778 Waterside","Buddha","Cerai","Chief Metrics Liaison","Indonesia"
"3273041607651741","Dr. Denise Ebert","West Gonzaloshire","1965-07-16","Laki-laki","A","590 West Street","Katolik","Belum Menikah","Central Brand Liaison","Indonesia"
"3273040109982396","Pedro Rodriguez","South Alfredachester","1998-08-31","Laki-laki","B","13023 Cole Gateway","Islam","Cerai","Future Configuration Engineer","Indonesia"
"3273042909642475","Delores Schinner","Chicopee","1964-09-29","Laki-laki","B","228 Chloe Lodge","Katolik","Cerai","Human Implementation Strategist","Indonesia"
"3273046604781736","Vanessa Hammes-White","Savannaborough","1978-04-26","Perempuan","B","679 Mayfield Road","Islam","Menikah","Chief Implementation Officer","Indonesia"
"3273043010836207","Lonnie Trantow-Greenholt PhD","Stratford","1983-10-30","Laki-laki","B","74874 Braun Dale","Islam","Belum Menikah","Forward Research Supervisor","Indonesia"
"3273043007901887","Mr. Milton Johnston-Goyette","New Cheyanne","1990-07-30","Laki-laki","A","3856 Mary Street","Katolik","Cerai","Customer Web Director","Indonesia"
"3273042906857250","Marguerite Corwin","New D'angelo","1985-06-29","Laki-laki","A","664 Church Road","Islam","Belum Menikah","Principal Data Engineer","Indonesia"
"3273042007641835","Leslie Spinka","Syracuse","1964-07-20","Laki-laki","A","313 Highfield Close","Kong Hu Cu","Menikah","District Data Technician","Indonesia"
"3273043005597161","Cameron Senger","East Emilton","1959-05-29","Laki-laki","O","9586 Franey Center","Kristen","Menikah","Corporate Data Liaison","Indonesia"
"3273040705822157","Ms. Erika Ankunding","St. Cloud","1982-05-07","Laki-laki","B","29515 Noe Villages","Islam","Cerai","Dynamic Tactics Representative","Indonesia"
"3273044204993289","Erika Predovic","Lake Ewald","1999-04-01","Perempuan","A","39107 4th Street","Islam","Cerai","Product Data Designer","Indonesia"
"3273043105835876","Leona Goodwin","Albuquerque","1983-05-31","Laki-laki","A","2747 Johnson Haven","Islam","Belum Menikah","Global Assurance Agent","Indonesia"
"3273042302942504","Aubrey Klocko","Jonesboro","1994-02-23","Laki-laki","O","61980 Purdy Mill","Katolik","Belum Menikah","Direct Assurance Analyst","Indonesia"
"3273046709658700","Susan Reichert","Reganworth","1965-09-27","Perempuan","B","5537 Jodie Pines","Islam","Cerai","Human Functionality Developer","Indonesia"
"3273044207907455","Julia Braun","Hermistonport","1990-07-02","Perempuan","O","65464 13th Street","Islam","Menikah","Chief Security Facilitator","Indonesia"
"3273040502037148","Jamie Lind","Largo","2003-02-04","Laki-laki","O","2906 Braeden Inlet","Kristen","Cerai","Central Applications Engineer","Indonesia"
"3273043004058225","May Herzog-Mosciski DVM","Lake Cullen","2005-04-30","Laki-laki","O","16511 Leffler Viaduct","Kristen","Cerai","District Integration Assistant","Indonesia"
"3273040805709765","Philip Reichel DDS","Stiedemannview","1970-05-08","Laki-laki","O","87087 Schroeder Cliffs","Hindu","Belum Menikah","Direct Intranet Orchestrator","Indonesia"
"3273042602596574","Don Koss","North Juanahaven","1959-02-26","Laki-laki","B","129 Barton Fields","Kristen","Belum Menikah","National Response Planner","Indonesia"
"3273040807765703","Linda Moore","East Carybury","1976-07-08","Laki-laki","B","2047 Madison Avenue","Buddha","Belum Menikah","Human Interactions Specialist","Indonesia"
"3273042206999838","Shaun Kirlin","East Cesarmouth","1999-06-22","Laki-laki","B","384 North Street","Islam","Menikah","Corporate Integration Architect","Indonesia"
"3273043010842831","Ryan Bins V","South Braxtonshire","1984-10-30","Laki-laki","O","9443 The Oaks","Kong Hu Cu","Belum Menikah","International Factors Strategist","Indonesia"
"3273045903947137","Dr. Lori Hackett Sr.","South Muhammad","1994-03-19","Perempuan","A","487 Catharine Locks","Katolik","Cerai","Global Division Strategist","Indonesia"
"3273043105628013","Rolando Rogahn","Trenttown","1962-05-31","Laki-laki","O","5050 Hegmann Avenue","Buddha","Cerai","Dynamic Identity Orchestrator","Indonesia"
"3273046103823021","Ms. Karen Cole","Magdalenafield","1982-03-21","Perempuan","O","3588 E Front Street","Islam","Cerai","International Integration Architect","Indonesia"
"3273042911812693","Leo Ledner","East Alanis","1981-11-29","Laki-laki","B","7828 Keaton Via","Katolik","Menikah","Future Identity Assistant","Indonesia"
"3273045108665343","Joanna Jaskolski","Fort Norene","1966-08-11","Perempuan","A","6763 Poplar Avenue","Hindu","Cerai","District Program Technician","Indonesia"
"3273044103874584","Patrick Kling-Rogahn","South Hill","1987-03-01","Perempuan","A","25847 Buckridge Harbor","Katolik","Cerai","Investor Solutions Manager","Indonesia"
"3273041704967708","Van Rippin","Crooksburgh","1996-04-17","Laki-laki","A","59845 Brooklyn Estates","Islam","Menikah","Legacy Assurance Supervisor","Indonesia"
"3273044210815775","Melba Rosenbaum","Chapel Hill","1981-10-02","Perempuan","O","741 Johnnie Forks","Katolik","Menikah","Global Factors Executive","Indonesia"
"3273041012985390","Rufus Kovacek","Immanuelfurt","1998-12-09","Laki-laki","A","64537 Victoria Street","Buddha","Belum Menikah","Legacy Optimization Facilitator","Indonesia"
"3273046102657839","Dr. Marcia Morissette","Lebsackview","1965-02-21","Perempuan","A","73893 Ethan Ramp","Islam","Menikah","Investor Metrics Specialist","Indonesia"
"3273041901061233","Bradley Moen DDS","Hamilltown","2006-01-18","Laki-laki","A","674 McLaughlin Meadow","Buddha","Cerai","National Applications Developer","Indonesia"
"3273041212664347","Jesse Labadie","Tinaboro","1966-12-12","Laki-laki","O","8713 Ryan Ford","Katolik","Menikah","Regional Creative Director","Indonesia"
"3273041011635031","Lucas Wyman DVM","Vivianneport","1963-11-10","Laki-laki","AB","14930 Meggie Common","Kong Hu Cu","Menikah","Product Brand Director","Indonesia"
"3273040706051100","Bryant Reinger","Maximoberg","2005-06-07","Laki-laki","A","4866 West Fork","Islam","Belum Menikah","Future Data Associate","Indonesia"
"3273040604814675","Madeline Tromp","Fort Coraberg","1981-04-06","Laki-laki","AB","679 Woodside","Kristen","Belum Menikah","Central Markets Consultant","Indonesia"
"3273042603656694","Lela Mills","North Kimberlyside","1965-03-26","Laki-laki","A","65443 Fairfield Road","Katolik","Cerai","Internal Web Assistant","Indonesia"
"3273043105612667","Faith Bauch","West Valley City","1961-05-31","Laki-laki","B","7263 N Broad Street","Hindu","Belum Menikah","Chief Operations Analyst","Indonesia"
"3273043007938783","Ollie Hickle","Kleinmouth","1993-07-29","Laki-laki","A","31709 Colby Falls","Hindu","Menikah","Internal Accounts Facilitator","Indonesia"
"3273046002831152","Willard Glover","Passaic","1983-02-20","Perempuan","B","3058 Viviane Run","Kristen","Cerai","Product Branding Supervisor","Indonesia"
"3273041412615524","Faye McClure","West Kelvin","1961-12-14","Laki-laki","AB","64208 Penelope Manors","Islam","Menikah","Direct Communications Producer","Indonesia"
"3273045109842660","Eunice Jones","North Westley","1984-09-11","Perempuan","A","74300 S Washington Avenue","Katolik","Belum Menikah","Principal Implementation Manager","Indonesia"
"3273042501842707","Julia Buckridge","Novabury","1984-01-24","Laki-laki","A","3542 Barrows Locks","Buddha","Belum Menikah","Central Identity Administrator","Indonesia"
"3273041305962233","Anthony Bahringer","New Amparo","1996-05-13","Laki-laki","B","3767 DuBuque Ford","Kong Hu Cu","Belum Menikah","Investor Tactics Specialist","Indonesia"
"3273041010874711","Marta Langosh","Port Deontetown","1987-10-09","Laki-laki","O","260 Commerce Street","Islam","Cerai","District Identity Planner","Indonesia"
"3273041911747629","Olga Roberts","Lake Johanna","1974-11-18","Laki-laki","O","74346 Poplar Street","Hindu","Menikah","Direct Group Planner","Indonesia"
"3273040102982856","Steven Stracke","Yonkers","1998-01-31","Laki-laki","O","57297 Michale Dale","Islam","Belum Menikah","Internal Factors Orchestrator","Indonesia"
"3273040404772023","Mr. Lynn Roberts MD","Cheyenne","1977-04-04","Laki-laki","O","7789 Manor Gardens","Katolik","Menikah","Human Creative Director","Indonesia"
"3273041905018182","Leigh Torp V","Wiegandstead","2001-05-19","Laki-laki","B","5587 Weimann Ford","Kristen","Menikah","Senior Operations Agent","Indonesia"
"3273041812859487","Fernando Nicolas","Royceborough","1985-12-18","Laki-laki","A","21679 Powlowski Cliffs","Buddha","Cerai","Direct Creative Specialist","Indonesia"
"3273041608878585","Alfred Lebsack","Elyssaworth","1987-08-16","Laki-laki","AB","3986 Hollis Course","Katolik","Cerai","Corporate Communications Agent","Indonesia"
"3273042301636300","John Schiller","Britneymouth","1963-01-23","Laki-laki","O","498 Lora Key","Kong Hu Cu","Menikah","Corporate Branding Consultant","Indonesia"
"3273044511824863","Eunice Wyman-Jenkins","East Abigale","1982-11-04","Perempuan","O","7402 E State Street","Hindu","Belum Menikah","Human Program Analyst","Indonesia"
"3273041508769429","Adrian Stamm","Port Deangeloside","1976-08-15","Laki-laki","O","5878 Morissette Corner","Kong Hu Cu","Cerai","District Tactics Agent","Indonesia"
"3273046906912572","June Schinner","Rueckerfort","1991-06-29","Perempuan","AB","7879 Sycamore Drive","Islam","Cerai","Central Branding Director","Indonesia"
"3273040804871370","Toby Greenfelder","Port Miller","1987-04-08","Laki-laki","O","40738 Antonio Haven","Hindu","Cerai","International Security Architect","Indonesia"
"3273042409846893","Kristen Friesen","Elmerchester","1984-09-24","Laki-laki","AB","1854 Daugherty Viaduct","Kong Hu Cu","Belum Menikah","National Creative Planner","Indonesia"
"3273040208943777","Catherine Dach","Trevorside","1994-08-02","Laki-laki","AB","4747 Jacobs Field","Katolik","Menikah","Dynamic Directives Officer","Indonesia"
"3273040812996505","Tamara Howe IV","Tonawanda","1999-12-08","Laki-laki","A","6121 Dickens Mews","Kristen","Cerai","Investor Applications Producer","Indonesia"
"3273042702609559","Janice Kreiger","Port Loyceburgh","1960-02-27","Laki-laki","O","18194 Sanford Curve","Katolik","Belum Menikah","Central Integration Strategist","Indonesia"
"3273041002029171","Dominick Ferry","Kerluketown","2002-02-10","Laki-laki","B","369 Tyra Well","Kristen","Menikah","Senior Tactics Agent","Indonesia"
"3273041810698862","Dr. Deborah Johnson","Grand Island","1969-10-17","Laki-laki","O","5451 W 9th Street","Islam","Cerai","International Usability Liaison","Indonesia"
"3273044804989906","Mildred Kassulke","North Jan","1998-04-07","Perempuan","O","3413 Skyla Cape","Buddha","Belum Menikah","District Group Architect","Indonesia"
"3273040905858639","Marion Bergnaum","West Paul","1985-05-09","Laki-laki","O","5072 Idella Court","Kong Hu Cu","Menikah","Customer Accounts Coordinator","Indonesia"
"3273043108918645","Elisa Jenkins","Greenfeldertown","1991-08-31","Laki-laki","O","62593 West Brooks","Islam","Cerai","Future Tactics Technician","Indonesia"
"3273040610973892","Antonia Wilkinson","West Tevin","1997-10-05","Laki-laki","AB","2840 Dooley Extensions","Katolik","Menikah","International Quality Representative","Indonesia"
"3273041710608511","Mrs. Lora Crooks","Juwancester","1960-10-16","Laki-laki","B","555 Greenway","Kong Hu Cu","Menikah","Product Security Supervisor","Indonesia"
"3273040912959481","Tim Harris","Brookline","1995-12-08","Laki-laki","B","396 Bosco Underpass","Kristen","Menikah","Investor Intranet Orchestrator","Indonesia"
"3273045803956268","Kirk Hoppe","Lake Ernestinaton","1995-03-18","Perempuan","AB","571 Abernathy Forge","Islam","Cerai","Central Brand Developer","Indonesia"
"3273041802987214","Tammy Ruecker","Maechester","1998-02-18","Laki-laki","A","461 Hickory Street","Islam","Menikah","Regional Metrics Executive","Indonesia"
"3273040509651526","Wade Lynch","Declanstead","1965-09-05","Laki-laki","AB","9796 Lancaster Road","Kristen","Belum Menikah","Internal Creative Producer","Indonesia"
"3273041008831310","Joann Lakin","Lambertbury","1983-08-09","Laki-laki","B","6528 Hackett Locks","Islam","Cerai","National Optimization Associate","Indonesia"
"3273042901773065","Eddie Homenick V","Kayliestead","1977-01-29","Laki-laki","AB","4856 Bennett Parks","Katolik","Cerai","Corporate Factors Specialist","Indonesia"
"3273042709922190","Nicolas Champlin","North Ted","1992-09-27","Laki-laki","A","123 Hillside","Hindu","Cerai","Forward Accountability Strategist","Indonesia"
"3273044907767694","Irma Donnelly","Turcotteboro","1976-07-09","Perempuan","AB","271 Ash Close","Buddha","Belum Menikah","Internal Identity Representative","Indonesia"
"3273042906644238","Grant Ward","Brentwood","1964-06-29","Laki-laki","AB","17270 Meadow Way","Hindu","Belum Menikah","Central Security Assistant","Indonesia"
"3273041605958409","Camille Kris","Hamillmouth","1995-05-15","Laki-laki","O","54663 Hazel Crest","Katolik","Cerai","Internal Quality Associate","Indonesia"
"3273042306932922","Mr. Jaime Bruen","New Otto","1993-06-22","Laki-laki","AB","653 Victoria Way","Buddha","Menikah","Dynamic Applications Assistant","Indonesia"
"3273041606753940","Theresa Kirlin V","Barneycester","1975-06-16","Laki-laki","AB","39808 Alfred Street","Islam","Cerai","Legacy Integration Designer","Indonesia"
"3273040305927189","Nicolas Padberg","Fort Garrisonberg","1992-05-03","Laki-laki","A","6119 E Maple Street","Buddha","Cerai","Principal Web Representative","Indonesia"
"3273042005741180","Kristie Pfannerstill MD","Nicolasport","1974-05-20","Laki-laki","AB","647 Lind Road","Islam","Belum Menikah","Human Marketing Representative","Indonesia"
"3273040910656458","Tracy Hills","Greenside","1965-10-08","Laki-laki","A","1833 Gerry Parkways","Islam","Belum Menikah","Direct Directives Developer","Indonesia"
"3273041905621133","Anthony Walker","West Eduardobury","1962-05-19","Laki-laki","O","5576 E Washington Street","Katolik","Menikah","Dynamic Integration Planner","Indonesia"
"3273045504628819","Yvette Torphy","Rebeccatown","1962-04-15","Perempuan","O","695 Joaquin Pass","Buddha","Belum Menikah","Regional Interactions Assistant","Indonesia"
"3273042003837148","Neil Oberbrunner","North Jamisontown","1983-03-20","Laki-laki","B","902 Wolf Forge","Buddha","Belum Menikah","National Division Administrator","Indonesia"
"3273042810596805","Jody Koelpin-Huels","Moore","1959-10-27","Laki-laki","B","9095 Brooks Wall","Buddha","Belum Menikah","Product Markets Designer","Indonesia"
"3273045403731447","Felix Connelly","Lorainetown","1973-03-13","Perempuan","B","192 The Mews","Kong Hu Cu","Belum Menikah","Central Creative Liaison","Indonesia"
"3273043112776976","Franklin Ward","East Pauline","1977-12-31","Laki-laki","B","90931 Milford Parkways","Kong Hu Cu","Menikah","Regional Research Strategist","Indonesia"
"3273046711834534","Viola Moore DDS","New Cleoport","1983-11-26","Perempuan","O","75755 Joanie Crossroad","Kristen","Belum Menikah","Customer Factors Executive","Indonesia"
"3273042304011621","Danielle Gutkowski","Cartwrightbury","2001-04-23","Laki-laki","B","794 Janet Grove","Kong Hu Cu","Menikah","Future Creative Specialist","Indonesia"
"3273040511879877","Mr. Damon Monahan","Chanelfurt","1987-11-05","Laki-laki","B","4051 Hegmann Throughway","Katolik","Belum Menikah","National Brand Coordinator","Indonesia"
"3273042808688121","Dr. Lonnie Emmerich","Fort Maxie","1968-08-27","Laki-laki","AB","692 Claudie Wells","Kong Hu Cu","Cerai","Dynamic Research Assistant","Indonesia"
"3273041703051642","Elaine Dicki","West Gerdaport","2005-03-17","Laki-laki","B","4511 Tillman Pine","Kristen","Belum Menikah","International Integration Executive","Indonesia"
"3273042604957713","Paul Altenwerth","Gerlachhaven","1995-04-26","Laki-laki","O","618 Carole Groves","Islam","Cerai","Human Functionality Specialist","Indonesia"
"3273044508797018","Alberta Rippin II","Lake Willardchester","1979-08-04","Perempuan","O","7855 Kunde Branch","Kong Hu Cu","Cerai","Global Identity Coordinator","Indonesia"
"3273042010913960","Mr. Emmett Kemmer","Bashirianchester","1991-10-20","Laki-laki","AB","7750 Dayton Land","Buddha","Menikah","Investor Interactions Specialist","Indonesia"
"3273046101795123","Susie Dare","Rileyboro","1979-01-21","Perempuan","AB","365 Rogahn Brook","Islam","Menikah","Chief Paradigm Assistant","Indonesia"
"3273042803905724","Paula Jast II","West Harmon","1990-03-28","Laki-laki","AB","64236 S Bridge Street","Kristen","Cerai","Dynamic Data Executive","Indonesia"
"3273041902927781","Guillermo Mueller","Clementtown","1992-02-19","Laki-laki","O","38395 Cormier Overpass","Hindu","Cerai","Chief Factors Executive","Indonesia"
"3273044706735310","Lucille Hudson","Port Harvey","1973-06-07","Perempuan","A","4567 Rectory Close","Kong Hu Cu","Belum Menikah","International Creative Administrator","Indonesia"
"3273046510874489","Grady Harber-Crist","New Alda","1987-10-25","Perempuan","A","92579 Sharon Orchard","Kristen","Belum Menikah","Senior Solutions Developer","Indonesia"
"3273041209611114","Darryl Schimmel","North Caylaland","1961-09-12","Laki-laki","A","22937 E 8th Street","Islam","Belum Menikah","Forward Data Supervisor","Indonesia"
"3273040508932521","Carmen Kozey","New Jazmyn","1993-08-04","Laki-laki","B","4990 Goyette Curve","Katolik","Menikah","Customer Tactics Developer","Indonesia"
"3273040812951608","Priscilla Dach-Torphy","Tonifort","1995-12-08","Laki-laki","O","41310 W Central Avenue","Kristen","Belum Menikah","Global Marketing Agent","Indonesia"
"3273041802627234","Victor Hoeger","Fort Eltaport","1962-02-17","Laki-laki","O","3956 Green Lane","Buddha","Belum Menikah","Central Integration Director","Indonesia"
"3273040306893431","Milton Crona","North Dariustown","1989-06-03","Laki-laki","B","2476 Carroll Freeway","Kristen","Menikah","Legacy Response Producer","Indonesia"
"3273040901635711","Vanessa Renner","Lake Brittanyworth","1963-01-09","Laki-laki","AB","3389 Aaron Street","Hindu","Belum Menikah","Future Configuration Designer","Indonesia"
"3273042803761814","Hazel Douglas","Mohamedview","1976-03-28","Laki-laki","AB","33978 Klein Dam","Kristen","Cerai","Regional Accountability Technician","Indonesia"
"3273046710818119","Marion Sawayn","Fort Lexus","1981-10-27","Perempuan","A","1175 Cynthia Overpass","Buddha","Cerai","Corporate Marketing Facilitator","Indonesia"
"3273041010658387","Forrest McDermott","Tabithacester","1965-10-09","Laki-laki","O","27481 Bailey Point","Katolik","Belum Menikah","Corporate Response Developer","Indonesia"
"3273044706943929","Velma Denesik","Robertsworth","1994-06-07","Perempuan","O","1706 S 1st Avenue","Kristen","Belum Menikah","Product Division Liaison","Indonesia"
"3273045312643192","Joan Stroman","Powlowskiside","1964-12-13","Perempuan","O","59095 Rodriguez Rest","Kristen","Cerai","Forward Creative Associate","Indonesia"
"3273041009861717","May Ryan","North Talia","1986-09-10","Laki-laki","O","26780 Luis Mall","Katolik","Menikah","Principal Optimization Manager","Indonesia"
"3273043005781316","Luz Dicki","Fort Rickey","1978-05-29","Laki-laki","O","718 Keeling River","Hindu","Menikah","District Operations Agent","Indonesia"
"3273040810655927","Valerie Bernhard","Merrittchester","1965-10-08","Laki-laki","A","5083 Sadye Spurs","Hindu","Menikah","Investor Accountability Agent","Indonesia"
"3273041111717334","Harriet Denesik Jr.","Gislasonworth","1971-11-11","Laki-laki","B","30235 Josiane Ferry","Islam","Belum Menikah","Chief Accounts Administrator","Indonesia"
"3273046006681102","Allison Stiedemann V","Deontebury","1968-06-20","Perempuan","B","61811 Lourdes Island","Islam","Belum Menikah","Dynamic Accountability Producer","Indonesia"
"3273041105819575","Sophia Treutel","New Adaline","1981-05-10","Laki-laki","B","97369 E Broad Street","Hindu","Menikah","Direct Accounts Designer","Indonesia"
"3273042802736998","Frank Wunsch","Itzelville","1973-02-27","Laki-laki","AB","8497 Ophelia Lodge","Katolik","Cerai","Forward Integration Strategist","Indonesia"
"3273040802767925","Carla Bahringer","Emmyburgh","1976-02-08","Laki-laki","A","394 Monroe Station","Islam","Menikah","Direct Interactions Administrator","Indonesia"
"3273046912666288","Pamela Towne","Edinburg","1966-12-29","Perempuan","B","68037 Powlowski Circles","Islam","Belum Menikah","Global Directives Liaison","Indonesia"
"3273041803903125","Grant Hegmann IV","Baileyfort","1990-03-17","Laki-laki","O","9300 Estrella Circles","Hindu","Belum Menikah","Senior Directives Orchestrator","Indonesia"
"3273045208751546","Van Gottlieb","Port Deion","1975-08-11","Perempuan","A","17831 Liana River","Kong Hu Cu","Belum Menikah","Central Quality Orchestrator","Indonesia"
"3273040409766090","Bruce Rogahn","Rutherfordtown","1976-09-04","Laki-laki","O","911 Nelson Road","Islam","Belum Menikah","Chief Web Assistant","Indonesia"
"3273040512722385","Kelley Cremin MD","Abbyview","1972-12-05","Laki-laki","AB","6227 Sporer Mills","Katolik","Belum Menikah","Forward Applications Producer","Indonesia"
"3273042905852394","Anna Klocko-Hane","Santa Barbara","1985-05-28","Laki-laki","O","7618 Guiseppe Glen","Hindu","Menikah","Chief Program Specialist","Indonesia"
"3273041707668830","Marsha Thiel","Ciceroside","1966-07-17","Laki-laki","O","970 Mante Green","Kristen","Belum Menikah","Legacy Security Coordinator","Indonesia"
"3273040309902675","Luz Krajcik","Mikelboro","1990-09-03","Laki-laki","AB","49420 Carlos Knolls","Kristen","Cerai","Human Tactics Officer","Indonesia"
"3273042305025559","Raymond Koch","East Ewald","2002-05-23","Laki-laki","B","31061 Nightingale Close","Kristen","Belum Menikah","International Accounts Technician","Indonesia"
"3273041006997526","Josephine Kling","Estefaniahaven","1999-06-09","Laki-laki","O","3490 Sandrine Run","Kristen","Cerai","Senior Program Designer","Indonesia"
"3273042409896239","Jacqueline Hickle I","Michellehaven","1989-09-24","Laki-laki","AB","188 Chester Road","Hindu","Cerai","Human Paradigm Officer","Indonesia"
"3273046907905746","Alexander Hahn","Wisozkshire","1990-07-28","Perempuan","A","246 The Oaks","Buddha","Belum Menikah","Product Identity Specialist","Indonesia"
"3273045608593620","Jermaine Koelpin","South Elissachester","1959-08-16","Perempuan","A","311 Margret Court","Katolik","Cerai","National Response Analyst","Indonesia"
"3273044510879437","Desiree Nolan DVM","Prohaskaborough","1987-10-05","Perempuan","A","89192 Kenny Spurs","Katolik","Belum Menikah","Customer Communications Producer","Indonesia"
"3273046609739184","Mr. Rene Schmeler","Keelingside","1973-09-26","Perempuan","A","6939 South Road","Buddha","Belum Menikah","Chief Metrics Facilitator","Indonesia"
"3273042207665195","Sherman Dare Jr.","La Habra","1966-07-21","Laki-laki","AB","46687 Oswald Crescent","Kristen","Menikah","Human Data Architect","Indonesia"
"3273040405873886","Jessie Gottlieb","South Uniqueberg","1987-05-04","Laki-laki","O","4930 Amelia Bypass","Islam","Menikah","Chief Brand Director","Indonesia"
"3273040107705411","Howard Kuhn","Zboncakshire","1970-07-01","Laki-laki","AB","561 Nicolas Valley","Islam","Menikah","Dynamic Data Director","Indonesia"
"3273041711808949","Sean Pollich","North Clementina","1980-11-17","Laki-laki","O","65775 Lancaster Road","Hindu","Menikah","Chief Quality Director","Indonesia"
"3273042605041067","Ella King I","Leonburgh","2004-05-25","Laki-laki","O","832 Cemetery Road","Katolik","Menikah","Principal Factors Technician","Indonesia"
"3273042008726337","Virginia Little","Colleenland","1972-08-19","Laki-laki","B","32717 Moen Avenue","Katolik","Cerai","Forward Accountability Consultant","Indonesia"
"3273046711974537","Dr. Marvin Schuster","Walshland","1997-11-27","Perempuan","B","792 Chestnut Street","Kristen","Menikah","Internal Group Associate","Indonesia"
"3273042904879262","Gilbert Koch DVM","South Osborne","1987-04-29","Laki-laki","A","6039 Hills Hill","Buddha","Cerai","Corporate Brand Officer","Indonesia"
"3273040509684047","Marguerite Hilll V","New Shannaboro","1968-09-05","Laki-laki","O","36181 Cronin Lights","Islam","Belum Menikah","Customer Security Administrator","Indonesia"
"3273040506626883","Beth Sauer","West Aracely","1962-06-04","Laki-laki","O","47072 Wood Street","Hindu","Belum Menikah","National Accountability Officer","Indonesia"
"3273040602777618","Julian Turner","South Myriamville","1977-02-06","Laki-laki","A","37415 Emard Burg","Kong Hu Cu","Belum Menikah","Global Paradigm Analyst","Indonesia"
"3273042306801449","Dr. Tony Klocko","Sterling Heights","1980-06-23","Laki-laki","B","49506 Boyle Summit","Hindu","Belum Menikah","International Optimization Executive","Indonesia"
"3273041011026726","Melody Balistreri V","West Rivertown","2002-11-10","Laki-laki","B","1159 Cherry Tree Close","Kristen","Belum Menikah","Legacy Web Administrator","Indonesia"
"3273042912841106","Doug Jacobi","Brendaburgh","1984-12-29","Laki-laki","B","72826 D'Amore Camp","Hindu","Belum Menikah","Investor Accountability Officer","Indonesia"
"3273040707895730","Jamie Koss-Howe","Port Izabella","1989-07-07","Laki-laki","B","418 Trinity Hollow","Buddha","Menikah","Customer Intranet Producer","Indonesia"
"3273042504889768","Lynne Stehr-Miller","Kulasbury","1988-04-24","Laki-laki","O","4078 Hattie Pine","Buddha","Belum Menikah","Investor Markets Agent","Indonesia"
"3273041908672409","Gail O'Reilly","Levittown","1967-08-19","Laki-laki","O","57581 Roslyn Knolls","Kong Hu Cu","Cerai","Regional Research Agent","Indonesia"
"3273040309056178","Wesley Lesch","Pagachaven","2005-09-03","Laki-laki","O","6204 Forest Avenue","Katolik","Cerai","Investor Assurance Technician","Indonesia"
"3273042502923696","Abel Hirthe","Franeckiboro","1992-02-25","Laki-laki","B","10041 Gusikowski Oval","Katolik","Belum Menikah","Dynamic Communications Orchestrator","Indonesia"
"3273042512919511","Rosemarie O'Conner","Hodkiewiczfurt","1991-12-25","Laki-laki","O","185 Freddy Fields","Hindu","Belum Menikah","International Markets Planner","Indonesia"
"3273042303707417","David Botsford","North Wilford","1970-03-23","Laki-laki","A","27782 Hodkiewicz Corner","Kong Hu Cu","Belum Menikah","Investor Web Facilitator","Indonesia"
"3273043105862724","Dr. Ramon Gusikowski","East Auroreburgh","1986-05-31","Laki-laki","B","3189 Keely Camp","Buddha","Belum Menikah","Forward Implementation Associate","Indonesia"
"3273041906711579","Joan O'Keefe","Juwanberg","1971-06-19","Laki-laki","B","3516 Barrows Creek","Kong Hu Cu","Menikah","Product Implementation Officer","Indonesia"
"3273041412654013","Preston Kihn","New Kamron","1965-12-14","Laki-laki","B","38863 Conn Terrace","Kristen","Cerai","Chief Data Director","Indonesia"
"3273040609809320","Joyce Batz","Faymouth","1980-09-06","Laki-laki","A","331 Zieme Harbor","Kristen","Menikah","Global Markets Technician","Indonesia"
"3273041804041162","Mr. Lionel Graham","Jarrellborough","2004-04-17","Laki-laki","O","3929 Strosin Cliffs","Hindu","Belum Menikah","Future Infrastructure Representative","Indonesia"